829146,1,0,853.4,497.2,423.0
829148,1,0,854.1,498.8,423.0
829150,1,0,853.9,498.4,423.0
829152,1,0,853.8,497.8,423.0
829154,1,0,853.1,498.0,423.0
829156,1,0,852.4,497.5,423.0
829158,1,0,852.4,496.9,423.0
829160,1,0,852.7,499.1,424.0
829162,1,0,852.6,499.1,424.0
829164,1,0,852.7,498.9,425.0
829166,1,0,852.7,498.5,425.0
829168,1,0,852.7,498.0,425.0
829170,1,0,853.1,497.6,426.0
829172,1,0,853.5,497.6,427.0
829174,1,0,853.0,496.6,427.0
829176,1,0,852.5,495.5,428.0
829178,1,0,852.7,495.8,428.0
829180,1,0,852.5,495.2,429.0
829182,1,0,852.2,494.6,429.0
829184,1,0,852.6,494.5,429.0
829186,1,0,852.6,494.5,429.0
829188,1,0,852.7,494.3,429.0
829190,1,0,852.8,494.2,429.0
829192,1,0,853.0,493.0,429.0
829194,1,0,853.5,491.9,434.0
829196,1,0,853.6,490.5,434.0
829198,1,0,853.7,491.3,433.0
829200,1,0,853.8,490.7,433.0
829202,1,0,853.9,490.1,433.0
829204,1,0,854.3,489.7,433.0
829206,1,0,854.3,490.3,433.0
829208,1,0,854.9,490.7,433.0
829210,1,0,855.5,491.6,433.0
829212,1,0,855.7,491.3,434.0
829214,1,0,855.6,491.5,434.0
829216,1,0,855.6,491.7,433.0
829218,1,0,855.8,491.9,433.0
829220,1,0,855.9,492.2,431.0
829222,1,0,855.4,492.4,431.0
829224,1,0,855.6,492.4,431.0
829226,1,0,855.2,492.8,431.0
829228,1,0,854.8,493.2,430.0
829230,1,0,853.7,493.4,430.0
829232,1,0,854.0,493.3,429.0
829234,1,0,854.0,494.1,429.0
829236,1,0,854.4,494.1,429.0
829238,1,0,854.8,494.1,431.0
829240,1,0,855.6,494.5,434.0
829242,1,0,855.3,494.0,434.0
829244,1,0,855.4,494.2,432.0
829246,1,0,854.9,494.5,430.0
829248,1,0,855.0,494.4,430.0
829250,1,0,855.2,494.0,430.0
829252,1,0,856.1,493.7,430.0
829254,1,0,857.1,493.5,429.0
829256,1,0,857.0,491.9,429.0
829258,1,0,856.5,491.3,430.0
829260,1,0,856.3,490.9,430.0
829262,1,0,856.4,491.9,430.0
829264,1,0,856.7,492.7,430.0
829266,1,0,858.4,493.5,430.0
829268,1,0,859.9,493.4,429.0
829270,1,1,859.2,492.1,429.0
829272,1,1,858.5,492.4,430.0
829274,1,1,858.8,492.5,430.0
829276,1,1,858.7,494.1,431.0
829278,1,1,858.6,495.7,431.0
829280,1,1,858.5,495.5,427.0
829282,1,1,858.5,495.7,427.0
829284,1,1,858.3,495.0,427.0
829286,1,1,858.3,495.3,427.0
829288,1,1,857.8,495.4,427.0
829290,1,1,857.7,495.3,427.0
829292,1,1,857.6,495.2,427.0
829294,1,1,858.9,494.5,428.0
829296,1,1,859.2,494.6,427.0
829298,1,1,859.0,494.9,427.0
829300,1,1,858.7,494.4,426.0
829302,1,1,858.3,494.3,426.0
829304,1,1,857.8,494.4,426.0
829306,1,1,857.8,494.5,426.0
829308,1,1,857.3,495.2,426.0
829310,1,1,857.6,495.7,426.0
829312,1,1,856.6,495.9,426.0
829314,1,1,856.7,495.9,426.0
829316,1,1,856.8,496.6,426.0
829318,1,1,856.3,496.1,426.0
829320,1,1,856.5,497.0,424.0
829322,1,1,855.5,498.0,424.0
829324,1,1,854.5,500.4,419.0
829326,1,1,854.5,499.2,419.0
829328,1,1,854.6,500.3,419.0
829330,1,1,855.2,499.6,419.0
829332,1,1,855.1,499.1,418.0
829334,1,1,855.3,498.8,417.0
829336,1,1,854.6,498.9,417.0
829338,1,1,853.9,499.0,416.0
829340,1,1,854.2,499.4,416.0
829342,1,1,854.4,499.9,416.0
829344,1,1,854.8,498.5,416.0
829346,1,1,854.6,498.2,416.0
829348,1,1,854.5,498.4,416.0
829350,1,1,854.6,498.5,414.0
829352,1,1,854.9,499.9,413.0
829354,1,1,854.6,500.6,413.0
829356,1,1,855.4,501.0,411.0
829358,1,1,856.0,501.1,410.0
829360,1,1,855.2,501.3,407.0
829362,1,1,855.7,501.7,407.0
829364,1,1,855.6,502.1,408.0
829366,1,1,855.4,501.5,410.0
829368,1,1,855.5,502.8,410.0
829370,1,1,855.6,504.2,410.0
829372,1,1,855.9,505.2,404.0
829374,1,1,855.7,502.7,404.0
829376,1,1,856.1,502.2,404.0
829378,1,1,855.9,502.1,403.0
829380,1,1,855.9,502.1,403.0
829382,1,1,855.6,501.9,403.0
829384,1,1,855.7,501.8,403.0
829386,1,1,855.6,502.6,403.0
829388,1,1,855.8,503.4,403.0
829390,1,1,855.6,502.3,403.0
829392,1,1,855.8,502.6,402.0
829394,1,1,855.8,502.9,402.0
829396,1,1,856.1,503.2,401.0
829398,1,1,856.0,503.6,400.0
829400,1,1,856.1,503.2,400.0
829402,1,1,855.9,503.2,400.0
829404,1,1,856.4,503.5,400.0
829406,1,1,856.7,503.6,400.0
829408,1,1,857.5,503.7,399.0
829410,1,1,864.9,502.6,399.0
829412,1,1,873.1,507.1,399.0
829414,1,1,889.3,509.4,399.0
829416,1,1,905.6,508.3,399.0
829418,1,1,920.7,508.2,397.0
829420,1,1,936.6,513.2,396.0
829422,1,1,947.6,513.9,394.0
829424,1,1,955.9,513.8,392.0
829426,1,1,959.9,513.7,392.0
829428,1,1,960.0,514.4,390.0
829430,1,1,959.9,514.4,390.0
829432,1,1,959.5,513.7,390.0
829434,1,1,959.5,512.8,390.0
829436,1,1,959.6,513.0,390.0
829438,1,1,959.6,513.0,390.0
829440,1,1,959.4,513.3,390.0
829442,1,1,959.0,513.6,390.0
829444,1,1,958.6,513.5,389.0
829446,1,1,957.8,514.2,389.0
829448,1,1,957.0,514.5,388.0
829450,1,1,956.9,514.4,388.0
829452,1,1,957.2,514.2,389.0
829454,1,1,956.9,513.3,389.0
829456,1,1,956.9,513.5,389.0
829458,1,1,956.8,513.2,388.0
829460,1,1,957.1,513.7,388.0
829462,1,1,957.0,514.2,388.0
829464,1,1,957.4,514.2,386.0
829466,1,1,957.6,514.3,385.0
829468,1,1,957.7,514.1,385.0
829470,1,1,957.8,513.9,385.0
829472,1,1,958.4,513.5,385.0
829474,1,1,958.4,512.8,384.0
829476,1,1,958.0,513.0,384.0
829478,1,1,957.8,513.2,384.0
829480,1,1,957.8,513.9,384.0
829482,1,1,957.7,513.4,384.0
829484,1,1,957.9,513.5,385.0
829486,1,1,957.8,512.9,385.0
829488,1,1,958.7,513.0,385.0
829490,1,1,959.0,513.1,385.0
829492,1,1,959.1,513.0,385.0
829494,1,1,959.4,513.9,381.0
829496,1,1,959.7,514.1,381.0
829498,1,1,959.4,514.0,381.0
829500,1,1,959.4,514.1,381.0
829502,1,1,959.4,514.1,380.0
829504,1,1,959.3,513.9,380.0
829506,1,1,959.3,514.6,380.0
829508,1,1,959.7,514.9,380.0
829510,1,1,959.8,515.1,380.0
829512,1,1,959.8,514.8,380.0
829514,1,1,961.0,514.7,379.0
829516,1,1,961.0,514.1,378.0
829518,1,1,961.2,513.4,377.0
829520,1,1,961.1,513.4,376.0
829522,1,1,961.2,513.3,375.0
829524,1,1,960.2,513.4,375.0
829526,1,1,960.6,513.3,375.0
829528,1,1,960.4,513.4,375.0
829530,1,1,961.4,512.3,372.0
829532,1,1,962.4,511.7,371.0
829534,1,1,963.0,511.7,370.0
829536,1,1,963.0,511.6,370.0
829538,1,1,963.2,512.2,370.0
829540,1,1,963.3,512.1,370.0
829542,1,1,963.2,512.3,370.0
829544,1,1,963.0,512.6,369.0
829546,1,1,962.6,511.9,368.0
829548,1,1,962.5,511.9,366.0
829550,1,1,962.5,512.0,366.0
829552,1,1,962.9,512.2,366.0
829554,1,1,963.1,512.5,366.0
829556,1,1,963.2,513.2,363.0
829558,1,1,962.5,513.3,363.0
829560,1,1,962.8,513.2,360.0
829562,1,1,962.1,514.8,359.0
829564,1,1,962.2,515.1,358.0
829566,1,1,962.4,515.4,358.0
829568,1,1,963.4,515.9,357.0
829570,1,1,963.9,515.9,357.0
829572,1,1,964.2,515.7,356.0
829574,1,1,964.2,517.1,356.0
829576,1,1,963.9,516.3,355.0
829578,1,1,963.4,516.1,355.0
829580,1,1,962.8,516.0,355.0
829582,1,1,962.9,515.9,354.0
829584,1,1,962.8,515.3,353.0
829586,1,1,963.0,515.2,351.0
829588,1,1,962.5,515.1,349.0
829590,1,1,961.8,511.2,346.0
829592,1,1,961.5,510.4,346.0
829594,1,1,961.9,510.3,344.0
829596,1,1,962.0,510.4,343.0
829598,1,1,962.1,510.6,343.0
829600,1,1,962.4,509.2,343.0
829602,1,1,962.4,510.0,343.0
829604,1,1,962.7,509.9,340.0
829606,1,1,961.8,510.1,338.0
829608,1,1,961.5,511.4,338.0
829610,1,1,961.4,512.8,338.0
829612,1,1,962.1,512.8,333.0
829614,1,1,962.8,512.7,333.0
829616,1,1,963.3,513.9,329.0
829618,1,1,963.8,515.9,325.0
829620,1,1,965.0,516.8,325.0
829622,1,1,966.2,517.6,323.0
829624,1,1,966.4,519.0,322.0
829626,1,1,966.5,520.3,322.0
829628,1,1,967.4,520.9,318.0
829630,1,1,967.6,520.3,317.0
829632,1,1,967.9,520.3,317.0
829634,1,1,968.6,520.2,317.0
829636,1,1,968.9,520.0,316.0
829638,1,1,969.2,520.5,315.0
829640,1,1,969.0,521.1,313.0
829642,1,1,968.7,521.7,313.0
829644,1,1,968.4,521.8,312.0
829646,1,1,968.6,521.8,312.0
829648,1,1,968.3,521.7,312.0
829650,1,1,968.1,522.0,312.0
829652,1,1,968.0,522.1,311.0
829654,1,1,968.6,522.1,310.0
829656,1,1,968.7,521.2,308.0
829658,1,1,968.7,521.6,308.0
829660,1,1,968.8,521.9,308.0
829662,1,1,969.0,523.3,304.0
829664,1,1,968.4,524.2,303.0
829666,1,1,968.5,525.0,302.0
829668,1,1,968.6,524.9,301.0
829670,1,1,968.3,524.9,300.0
829672,1,1,968.8,524.8,300.0
829674,1,1,969.1,524.2,299.0
829676,1,1,969.5,523.5,299.0
829678,1,1,969.6,523.2,298.0
829680,1,1,969.6,522.8,298.0
829682,1,1,970.8,522.9,298.0
829684,1,1,971.0,523.0,296.0
829686,1,1,970.9,523.1,295.0
829688,1,1,971.0,523.2,295.0
829690,1,1,969.7,523.3,293.0
829692,1,1,968.4,523.5,292.0
829694,1,1,968.8,523.3,292.0
829696,1,1,969.2,523.2,292.0
829698,1,1,968.3,522.8,291.0
829700,1,1,968.6,522.5,291.0
829702,1,1,969.0,522.3,290.0
829704,1,1,969.1,522.4,289.0
829706,1,1,968.7,522.6,289.0
829708,1,1,968.2,523.2,289.0
829710,1,1,968.7,523.0,288.0
829712,1,1,968.8,522.8,288.0
829714,1,1,969.0,522.4,287.0
829716,1,1,968.4,522.5,286.0
829718,1,1,968.9,522.4,285.0
829720,1,1,969.0,522.1,284.0
829722,1,1,969.1,522.4,283.0
829724,1,1,969.6,522.2,283.0
829726,1,1,969.6,522.1,283.0
829728,1,1,969.6,522.2,283.0
829730,1,1,969.5,522.1,280.0
829732,1,1,969.5,522.1,280.0
829734,1,1,971.0,521.9,279.0
829736,1,1,971.7,521.9,279.0
829738,1,1,971.3,521.5,278.0
829740,1,1,970.9,522.6,277.0
829742,1,1,971.2,523.5,277.0
829744,1,1,971.1,524.0,277.0
829746,1,1,971.4,523.5,277.0
829748,1,1,971.5,523.7,277.0
829750,1,1,971.5,524.0,276.0
829752,1,1,971.5,523.4,276.0
829754,1,1,971.6,523.8,276.0
829756,1,1,971.7,524.1,275.0
829758,1,1,973.3,525.3,274.0
829760,1,1,973.9,525.3,272.0
829762,1,1,974.1,525.1,272.0
829764,1,1,974.1,524.7,272.0
829766,1,1,974.4,524.6,270.0
829768,1,1,974.0,524.6,270.0
829770,1,1,974.2,524.1,270.0
829772,1,1,973.7,524.1,270.0
829774,1,1,973.3,523.9,269.0
829776,1,1,973.6,523.4,268.0
829778,1,1,974.0,522.8,268.0
829780,1,1,973.9,522.1,268.0
829782,1,1,973.8,521.6,268.0
829784,1,1,975.0,521.6,267.0
829786,1,1,975.6,520.5,267.0
829788,1,1,975.6,521.6,265.0
829790,1,1,976.4,521.7,266.0
829792,1,1,976.7,521.8,266.0
829794,1,1,976.8,522.1,266.0
829796,1,1,976.8,522.3,266.0
829798,1,1,976.7,522.9,266.0
829800,1,1,976.6,523.1,266.0
829802,1,1,976.5,523.3,266.0
829804,1,1,977.2,523.6,265.0
829806,1,1,976.8,524.2,265.0
829808,1,1,976.4,525.0,265.0
829810,1,1,976.1,525.4,265.0
829812,1,1,975.6,525.5,264.0
829814,1,1,975.9,524.4,263.0
829816,1,1,976.3,525.3,261.0
829818,1,1,974.9,523.9,260.0
829820,1,1,975.0,524.9,260.0
829822,1,1,975.0,525.1,259.0
829824,1,1,974.9,525.2,259.0
829826,1,1,975.4,528.2,258.0
829828,1,1,975.0,528.3,258.0
829830,1,1,974.8,528.5,257.0
829832,1,1,975.4,528.8,256.0
829834,1,1,974.9,529.3,255.0
829836,1,1,974.8,530.3,255.0
829838,1,1,975.0,531.4,254.0
829840,1,1,975.0,531.5,254.0
829842,1,1,975.2,531.7,254.0
829844,1,1,975.9,539.3,254.0
829846,1,1,976.6,545.5,252.0
829848,1,1,976.2,545.6,251.0
829850,1,1,977.0,545.5,250.0
829852,1,1,977.5,542.5,249.0
829854,1,1,977.2,539.7,249.0
829856,1,1,976.9,536.9,249.0
829858,1,1,976.6,536.4,249.0
829860,1,1,976.6,537.1,249.0
829862,1,1,976.6,537.3,250.0
829864,1,1,977.0,537.1,248.0
829866,1,1,979.2,538.5,247.0
829868,1,1,979.2,537.5,246.0
829870,1,1,979.0,536.6,245.0
829872,1,1,978.7,535.1,245.0
829874,1,1,978.7,536.6,246.0
829876,1,1,978.5,534.6,246.0
829878,1,1,978.4,534.0,246.0
829880,1,1,978.0,534.1,246.0
829882,1,1,977.4,532.6,245.0
829884,1,1,977.3,531.1,245.0
829886,1,1,977.2,532.0,244.0
829888,1,1,978.0,531.7,243.0
829890,1,1,977.7,531.5,243.0
829892,1,1,977.8,534.2,243.0
829894,1,1,977.9,533.1,243.0
829896,1,1,977.9,532.0,242.0
829898,1,1,978.6,534.2,242.0
829900,1,1,979.1,535.2,241.0
829902,1,1,978.4,536.4,240.0
829904,1,1,979.2,536.3,240.0
829906,1,1,979.1,536.0,240.0
829908,1,1,979.4,535.7,241.0
829910,1,1,979.0,534.7,240.0
829912,1,1,979.3,535.2,239.0
829914,1,1,979.6,535.7,237.0
829916,1,1,979.9,537.8,237.0
829918,1,1,979.5,537.8,237.0
829920,1,1,979.5,537.9,237.0
829922,1,1,979.5,537.8,237.0
829924,1,1,979.6,538.1,237.0
829926,1,1,979.7,536.3,236.0
829928,1,1,979.8,536.5,235.0
829930,1,1,979.9,536.7,235.0
829932,1,1,979.9,537.3,235.0
829934,1,1,980.0,537.1,234.0
829936,1,1,980.0,537.4,234.0
829938,1,1,980.0,537.6,234.0
829940,1,1,980.0,535.2,234.0
829942,1,1,979.3,535.7,236.0
829944,1,1,979.0,536.0,236.0
829946,1,1,978.7,537.0,236.0
829948,1,1,978.4,538.0,235.0
829950,1,1,977.9,537.7,235.0
829952,1,1,979.3,537.2,235.0
829954,1,1,979.9,537.0,235.0
829956,1,1,980.2,537.2,235.0
829958,1,1,980.5,537.4,234.0
829960,1,1,980.2,537.6,234.0
829962,1,1,980.2,537.8,234.0
829964,1,1,980.2,537.8,234.0
829966,1,1,980.2,538.0,234.0
829968,1,1,980.2,538.2,234.0
829970,1,1,980.3,538.3,233.0
829972,1,1,980.4,538.2,233.0
829974,1,1,980.5,537.8,234.0
829976,1,1,980.5,537.6,234.0
829978,1,1,980.2,537.7,234.0
829980,1,1,979.8,536.2,234.0
829982,1,1,978.8,536.1,234.0
829984,1,1,979.3,536.3,234.0
829986,1,1,979.1,536.7,234.0
829988,1,1,979.1,536.7,234.0
829990,1,1,979.1,536.6,234.0
829992,1,1,979.0,536.8,234.0
829994,1,1,979.1,536.8,234.0
829996,1,1,979.0,537.9,234.0
829998,1,1,979.1,538.5,234.0
830000,1,1,979.2,538.7,234.0
830002,1,1,978.8,538.7,235.0
830004,1,1,979.2,538.5,236.0
830006,1,1,979.7,538.5,236.0
830008,1,1,980.3,538.3,236.0
830010,1,1,980.4,538.2,236.0
830012,1,1,980.0,538.3,234.0
830014,1,1,979.7,538.6,234.0
830016,1,1,979.6,537.6,234.0
830018,1,1,979.9,537.2,234.0
830020,1,1,980.2,537.1,234.0
830022,1,1,980.4,536.3,234.0
830024,1,1,980.4,535.9,233.0
830026,1,1,980.7,535.7,233.0
830028,1,1,980.9,535.5,233.0
830030,1,1,980.9,535.5,233.0
830032,1,1,980.8,535.5,233.0
830034,1,1,980.8,535.5,233.0
830036,1,1,980.3,535.5,233.0
830038,1,1,980.4,535.5,233.0
830040,1,1,980.1,535.0,233.0
830042,1,1,979.9,535.4,233.0
830044,1,1,980.0,535.5,233.0
830046,1,1,979.8,535.4,233.0
830048,1,1,980.2,535.7,233.0
830050,1,1,980.3,536.1,233.0
830052,1,1,980.2,535.7,233.0
830054,1,1,980.1,535.5,233.0
830056,1,1,980.0,535.4,233.0
830058,1,1,980.1,536.2,233.0
830060,1,1,981.5,536.7,232.0
830062,1,1,980.9,537.2,232.0
830064,1,1,980.1,537.4,232.0
830066,1,1,980.5,537.3,232.0
830068,1,1,980.8,537.2,232.0
830070,1,1,979.9,537.3,232.0
830072,1,1,979.5,537.2,232.0
830074,1,1,979.5,536.8,233.0
830076,1,1,979.4,536.4,233.0
830078,1,1,979.4,535.9,232.0
830080,1,1,979.5,536.0,231.0
830082,1,1,979.2,534.8,231.0
830084,1,1,978.8,533.6,232.0
830086,1,1,978.6,534.4,232.0
830088,1,1,978.4,534.7,232.0
830090,1,1,978.6,535.0,232.0
830092,1,1,978.6,535.1,232.0
830094,1,1,978.5,535.2,233.0
830096,1,1,978.4,534.4,233.0
830098,1,1,978.5,534.7,233.0
830100,1,1,978.6,534.9,233.0
830102,1,1,978.8,534.5,233.0
830104,1,1,978.9,536.1,233.0
830106,1,1,978.8,536.4,232.0
830108,1,1,978.5,535.9,232.0
830110,1,1,978.7,535.3,232.0
830112,1,1,978.3,535.2,232.0
830114,1,1,977.9,533.5,232.0
830116,1,1,977.0,533.6,232.0
830118,1,1,977.0,533.6,232.0
830120,1,1,977.6,535.4,232.0
830122,1,1,978.1,535.3,231.0
830124,1,1,977.7,535.3,231.0
830126,1,1,978.1,535.6,231.0
830128,1,1,978.1,535.5,232.0
830130,1,1,978.2,535.5,232.0
830132,1,1,978.2,535.6,232.0
830134,1,1,978.1,535.4,232.0
830136,1,1,977.8,535.2,232.0
830138,1,1,976.6,533.6,232.0
830140,1,1,976.5,533.5,232.0
830142,1,1,976.5,533.5,232.0
830144,1,1,976.5,533.5,232.0
830146,1,1,976.5,533.5,232.0
830148,1,1,977.0,534.3,232.0
830150,1,1,977.6,534.5,232.0
830152,1,1,977.6,534.8,231.0
830154,1,1,977.6,535.0,231.0
830156,1,1,978.4,535.8,230.0
830158,1,1,979.1,535.5,230.0
830160,1,1,979.1,535.2,230.0
830162,1,1,978.0,534.7,231.0
830164,1,1,977.9,534.7,231.0
830166,1,1,977.7,534.4,232.0
830168,1,1,977.1,534.0,232.0
830170,1,1,976.4,533.3,232.0
830172,1,1,976.5,533.3,232.0
830174,1,1,976.5,533.3,232.0
830176,1,1,976.5,533.4,232.0
830178,1,1,977.1,533.9,231.0
830180,1,1,977.6,534.6,231.0
830182,1,1,978.5,535.4,232.0
830184,1,1,979.3,536.3,232.0
830186,1,1,979.3,536.3,232.0
830188,1,1,978.9,535.1,232.0
830190,1,1,978.5,534.5,232.0
830192,1,1,978.1,534.6,232.0
830194,1,1,977.9,534.9,232.0
830196,1,1,977.7,534.0,233.0
830198,1,1,977.7,534.0,233.0
830200,1,1,977.8,534.5,233.0
830202,1,1,977.7,533.1,233.0
830204,1,1,977.7,531.8,233.0
830206,1,1,977.5,532.2,234.0
830208,1,1,977.4,532.7,234.0
830210,1,1,977.5,533.1,233.0
830212,1,1,977.5,533.6,232.0
830214,1,1,977.3,533.6,232.0
830216,1,1,976.9,533.8,232.0
830218,1,1,976.9,533.8,232.0
830220,1,1,976.9,533.8,232.0
830222,1,1,976.5,530.5,232.0
830224,1,1,976.3,530.5,232.0
830226,1,1,976.3,530.4,232.0
830228,1,1,976.6,526.8,233.0
830230,1,1,977.0,526.6,233.0
830232,1,1,976.9,526.7,233.0
830234,1,1,976.8,526.4,234.0
830236,1,1,976.8,526.2,234.0
830238,1,1,976.4,524.5,234.0
830240,1,1,976.1,523.0,235.0
830242,1,1,975.8,521.6,236.0
830244,1,1,975.4,520.3,236.0
830246,1,1,975.7,516.5,236.0
830248,1,1,976.5,515.9,237.0
830250,1,1,976.3,515.9,239.0
830252,1,1,976.3,515.9,239.0
830254,1,1,975.8,513.4,239.0
830256,1,1,973.3,514.1,240.0
830258,1,1,973.5,513.2,240.0
830260,1,1,973.8,513.0,239.0
830262,1,1,974.4,513.0,239.0
830264,1,1,974.5,512.1,239.0
830266,1,1,974.3,513.2,239.0
830268,1,1,974.2,513.2,239.0
830270,1,1,973.5,513.3,239.0
830272,1,1,973.0,513.5,239.0
830274,1,1,973.1,513.6,239.0
830276,1,1,972.9,514.3,239.0
830278,1,1,972.7,514.5,239.0
830280,1,1,972.1,512.9,239.0
830282,1,1,971.7,511.2,239.0
830284,1,1,972.2,512.3,239.0
830286,1,1,972.7,513.3,238.0
830288,1,1,973.9,513.5,238.0
830290,1,1,972.9,512.5,238.0
830292,1,1,972.0,513.1,237.0
830294,1,1,972.1,513.1,237.0
830296,1,1,972.2,513.1,237.0
830298,1,1,972.2,513.0,242.0
830300,1,1,972.3,511.9,242.0
830302,1,1,972.2,512.0,241.0
830304,1,1,972.3,511.4,241.0
830306,1,1,972.0,511.1,241.0
830308,1,1,972.4,511.0,241.0
830310,1,1,972.3,511.5,241.0
830312,1,1,973.0,512.0,241.0
830314,1,1,972.6,512.1,241.0
830316,1,1,973.5,512.1,240.0
830318,1,1,973.8,513.0,239.0
830320,1,1,974.0,514.1,239.0
830322,1,1,973.8,514.8,239.0
830324,1,1,974.1,514.8,239.0
830326,1,1,973.8,515.8,239.0
830328,1,1,974.5,516.8,239.0
830330,1,1,974.5,514.9,240.0
830332,1,1,974.7,515.5,240.0
830334,1,1,975.3,515.9,239.0
830336,1,1,975.2,517.4,239.0
830338,1,1,974.9,517.1,239.0
830340,1,1,975.4,516.7,239.0
830342,1,1,975.5,516.1,239.0
830344,1,1,975.6,515.6,240.0
830346,1,1,975.3,515.7,242.0
830348,1,1,975.3,515.5,242.0
830350,1,1,975.2,515.3,242.0
830352,1,1,975.5,516.2,243.0
830354,1,1,975.2,517.0,243.0
830356,1,1,975.0,517.3,242.0
830358,1,1,975.2,517.3,241.0
830360,1,1,975.5,517.1,241.0
830362,1,1,975.4,516.9,242.0
830364,1,1,975.8,516.5,242.0
830366,1,1,975.6,516.4,241.0
830368,1,1,975.5,516.3,241.0
830370,1,1,975.2,516.1,241.0
830372,1,1,974.9,516.3,241.0
830374,1,1,973.6,515.2,242.0
830376,1,1,973.7,515.5,244.0
830378,1,1,973.6,514.6,244.0
830380,1,1,973.2,513.8,242.0
830382,1,1,973.2,511.8,241.0
830384,1,1,973.2,511.9,241.0
830386,1,1,973.1,511.8,242.0
830388,1,1,973.0,512.6,242.0
830390,1,1,972.1,512.0,243.0
830392,1,1,971.3,512.2,245.0
830394,1,1,971.2,511.2,245.0
830396,1,1,971.0,510.4,246.0
830398,1,1,970.9,511.9,246.0
830400,1,1,970.8,511.6,244.0
830402,1,1,968.9,512.3,244.0
830404,1,1,966.9,512.5,245.0
830406,1,1,966.8,512.6,246.0
830408,1,1,966.7,512.9,246.0
830410,1,1,965.5,513.7,246.0
830412,1,1,964.9,512.5,246.0
830414,1,1,967.3,510.7,246.0
830416,1,1,966.9,516.8,244.0
830418,1,1,969.6,522.2,243.0
830420,1,1,972.8,533.9,238.0
830422,1,1,976.6,561.4,227.0
830424,1,1,981.0,592.9,207.0
830426,1,1,985.3,615.1,194.0
830430,1,1,987.5,626.1,188.0
830434,1,1,989.7,637.3,182.0
830546,1,1,957.0,653.7,167.0
830550,1,1,955.9,648.0,171.0
830552,1,1,956.4,642.0,175.0
830554,1,1,955.8,630.2,184.0
830556,1,1,956.1,619.6,188.0
830558,1,1,957.8,613.3,191.0
830560,1,1,956.0,609.1,198.0
830562,1,1,955.8,605.7,198.0
830564,1,1,954.8,594.6,208.0
830566,1,1,954.8,576.1,216.0
830568,1,1,955.7,574.2,217.0
830570,1,1,955.4,570.0,221.0
830572,1,1,954.5,564.5,223.0
830574,1,1,953.0,551.9,229.0
830576,1,1,952.0,548.1,238.0
830578,1,1,951.7,541.6,238.0
830580,1,1,951.6,535.2,244.0
830582,1,1,952.6,533.3,248.0
830584,1,1,953.1,528.8,250.0
830586,1,1,953.1,526.1,252.0
830588,1,1,953.0,521.1,258.0
830590,1,1,951.2,507.7,263.0
830592,1,1,950.2,503.2,265.0
830594,1,1,948.9,501.9,265.0
830596,1,1,950.2,499.6,265.0
830598,1,1,951.4,497.3,266.0
830600,1,1,950.0,496.5,266.0
830602,1,1,949.3,495.6,267.0
830604,1,1,948.8,496.6,267.0
830606,1,1,947.7,495.4,267.0
830608,1,1,947.7,494.0,269.0
830610,1,1,946.6,490.4,271.0
830612,1,1,945.6,488.3,273.0
830614,1,1,945.3,486.1,275.0
830616,1,1,945.4,485.9,275.0
830618,1,1,944.9,485.9,277.0
830620,1,1,944.3,484.7,276.0
830622,1,1,944.4,489.1,274.0
830624,1,1,944.8,486.7,275.0
830626,1,1,944.5,484.3,276.0
830628,1,1,944.3,482.7,277.0
830630,1,1,944.2,481.0,278.0
830632,1,1,942.7,480.7,278.0
830634,1,1,942.8,484.2,276.0
830636,1,1,943.4,484.1,275.0
830638,1,1,942.6,484.3,275.0
830640,1,1,942.2,488.7,273.0
830642,1,1,943.1,485.7,275.0
830644,1,1,942.8,487.4,274.0
830646,1,1,942.5,489.1,273.0
830648,1,1,942.4,490.5,272.0
830650,1,1,942.6,490.8,272.0
830652,1,1,941.7,491.3,273.0
830654,1,1,942.7,495.0,273.0
830656,1,1,942.8,498.9,270.0
830658,1,1,944.1,497.1,271.0
830660,1,1,944.0,496.6,270.0
830662,1,1,943.9,496.6,270.0
830664,1,1,942.3,497.0,269.0
830666,1,1,941.7,504.9,267.0
830668,1,1,941.3,512.8,265.0
830670,1,1,941.2,515.1,263.0
830672,1,1,941.7,517.4,262.0
830674,1,1,941.8,517.4,262.0
830676,1,1,942.0,517.5,262.0
830678,1,1,942.1,518.2,264.0
830680,1,1,941.7,518.8,264.0
830682,1,1,941.2,519.3,264.0
830684,1,1,941.9,520.1,264.0
830686,1,1,941.4,523.7,264.0
830688,1,1,940.9,524.1,265.0
830690,1,1,940.4,524.4,265.0
830692,1,1,940.6,526.7,265.0
830694,1,1,940.7,529.0,265.0
830696,1,1,940.2,530.1,265.0
830698,1,1,939.7,533.9,265.0
830700,1,1,940.3,535.4,265.0
830702,1,1,940.7,536.9,264.0
830704,1,1,940.7,537.4,264.0
830706,1,1,940.6,537.9,265.0
830708,1,1,941.2,538.5,266.0
830710,1,1,940.8,538.8,266.0
830712,1,1,941.2,538.9,266.0
830714,1,1,941.5,539.0,266.0
830716,1,1,941.1,539.2,267.0
830718,1,1,941.2,539.5,267.0
830720,1,1,941.0,539.7,268.0
830722,1,1,940.9,540.4,268.0
830724,1,1,941.0,541.0,269.0
830726,1,1,940.8,541.8,269.0
830728,1,1,941.4,541.3,270.0
830730,1,1,940.6,541.4,271.0
830732,1,1,941.1,541.4,271.0
830734,1,1,941.3,541.2,271.0
830736,1,1,941.4,541.0,271.0
830738,1,1,941.7,540.6,271.0
830740,1,1,941.9,538.4,271.0
830742,1,1,948.7,535.9,271.0
830744,1,1,951.8,535.4,271.0
830746,1,1,958.3,534.3,271.0
830748,1,1,960.4,532.7,272.0
830750,1,1,963.6,531.3,272.0
830752,1,1,964.9,530.2,271.0
830754,1,1,965.3,530.0,271.0
830756,1,1,965.8,531.3,271.0
830758,1,1,965.1,530.6,272.0
830760,1,1,964.5,531.5,272.0
830762,1,1,964.9,531.3,272.0
830764,1,1,964.7,531.1,274.0
830766,1,1,964.5,530.9,274.0
830768,1,1,965.1,531.0,274.0
830770,1,1,964.5,531.3,274.0
830772,1,1,963.9,531.5,275.0
830774,1,1,963.3,533.0,275.0
830776,1,1,964.0,534.3,273.0
830778,1,1,964.0,535.1,273.0
830780,1,1,964.1,535.7,273.0
830782,1,1,964.6,536.3,273.0
830784,1,1,964.8,536.7,273.0
830786,1,1,965.1,537.9,274.0
830788,1,1,966.1,537.8,276.0
830790,1,1,966.1,537.5,276.0
830792,1,1,966.0,537.1,277.0
830794,1,1,966.7,536.1,277.0
830796,1,1,967.4,535.4,278.0
830798,1,1,966.7,535.3,278.0
830800,1,1,965.9,535.2,279.0
830802,1,1,965.8,535.2,279.0
830804,1,1,965.6,535.2,279.0
830806,1,1,965.2,534.2,279.0
830808,1,1,965.1,534.7,279.0
830810,1,1,965.0,534.4,279.0
830812,1,1,965.2,534.0,279.0
830814,1,1,964.9,533.8,279.0
830816,1,1,965.7,534.1,279.0
830818,1,1,965.6,532.8,279.0
830820,1,1,965.7,533.4,280.0
830822,1,1,965.6,532.5,281.0
830824,1,1,965.6,531.7,282.0
830826,1,1,965.6,531.5,282.0
830828,1,1,965.3,531.5,282.0
830830,1,1,965.0,531.6,282.0
830832,1,1,964.8,531.9,283.0
830834,1,1,964.8,532.1,283.0
830836,1,1,964.9,531.8,283.0
830838,1,1,964.9,532.7,283.0
830840,1,1,964.7,532.8,282.0
830842,1,1,964.6,532.9,282.0
830844,1,1,964.9,532.4,283.0
830846,1,1,965.2,532.0,283.0
830848,1,1,965.1,532.2,283.0
830850,1,1,964.9,532.4,283.0
830852,1,1,963.8,532.5,283.0
830854,1,1,963.8,532.8,284.0
830856,1,1,963.9,533.1,284.0
830858,1,1,963.9,533.2,284.0
830860,1,1,964.0,532.9,284.0
830862,1,1,964.0,532.6,284.0
830864,1,1,964.1,532.6,283.0
830866,1,1,963.3,532.7,283.0
830868,1,1,963.3,532.7,283.0
830870,1,1,963.6,534.6,284.0
830872,1,1,963.5,534.8,284.0
830874,1,1,963.8,534.8,284.0
830876,1,1,964.1,534.7,284.0
830878,1,1,964.6,534.6,284.0
830880,1,1,964.7,533.6,284.0
830882,1,1,964.2,533.5,284.0
830884,1,1,963.8,533.3,284.0
830886,1,1,963.5,534.2,284.0
830888,1,1,963.5,534.5,284.0
830890,1,1,963.3,534.7,284.0
830892,1,1,962.6,532.7,283.0
830894,1,1,962.5,533.2,283.0
830896,1,1,962.5,533.5,286.0
830898,1,1,962.2,533.6,286.0
830900,1,1,963.7,533.0,286.0
830902,1,1,963.4,532.7,287.0
830904,1,1,963.2,532.8,287.0
830906,1,1,963.1,533.0,287.0
830908,1,1,963.6,533.2,285.0
830910,1,1,963.6,534.0,284.0
830912,1,1,964.3,533.9,284.0
830914,1,1,963.8,533.6,284.0
830916,1,1,963.2,533.3,284.0
830918,1,1,963.4,532.8,284.0
830920,1,1,963.5,532.4,285.0
830922,1,1,964.1,532.5,285.0
830924,1,1,964.5,531.9,286.0
830926,1,1,965.0,532.1,286.0
830928,1,1,966.8,532.1,286.0
830930,1,1,966.3,531.5,285.0
830932,1,1,965.7,530.8,285.0
830934,1,1,966.1,531.1,286.0
830936,1,1,966.0,531.1,286.0
830938,1,1,966.0,531.0,286.0
830940,1,1,965.8,530.9,285.0
830942,1,1,966.2,531.2,285.0
830944,1,1,965.3,531.5,285.0
830946,1,1,966.3,531.4,284.0
830948,1,1,966.3,531.1,284.0
830950,1,1,966.3,531.3,284.0
830952,1,1,966.2,531.5,284.0
830954,1,1,966.2,531.8,283.0
830956,1,1,966.4,531.8,283.0
830958,1,1,966.6,531.7,282.0
830960,1,1,966.9,530.9,283.0
830962,1,1,966.4,530.2,283.0
830964,1,1,966.0,530.2,282.0
830966,1,1,965.0,530.4,282.0
830968,1,1,964.9,529.9,282.0
830970,1,1,965.2,529.7,282.0
830972,1,1,965.4,529.3,283.0
830974,1,1,965.6,529.7,283.0
830976,1,1,965.7,530.0,283.0
830978,1,1,965.7,529.6,283.0
830980,1,1,965.7,530.3,283.0
830982,1,1,965.6,530.5,283.0
830984,1,1,965.2,530.7,282.0
830986,1,1,964.8,531.4,282.0
830988,1,1,964.5,531.4,283.0
830990,1,1,964.2,531.5,283.0
830992,1,1,964.1,531.1,283.0
830994,1,1,964.3,532.1,282.0
830996,1,1,963.6,533.0,281.0
830998,1,1,962.8,532.1,280.0
831000,1,1,963.0,530.9,280.0
831002,1,1,962.8,531.8,279.0
831004,1,1,963.3,531.3,279.0
831006,1,1,962.3,533.1,279.0
831008,1,1,962.3,532.3,279.0
831010,1,1,962.3,531.7,279.0
831012,1,1,961.8,530.4,281.0
831014,1,1,961.4,530.3,281.0
831016,1,1,961.1,530.8,280.0
831018,1,1,961.5,531.4,279.0
831020,1,1,961.3,531.7,279.0
831022,1,1,961.7,532.1,281.0
831024,1,1,962.0,532.0,281.0
831026,1,1,961.9,531.9,281.0
831028,1,1,961.8,531.5,281.0
831030,1,1,962.3,531.7,281.0
831032,1,1,962.0,531.7,281.0
831034,1,1,962.6,531.8,281.0
831036,1,1,962.7,531.8,281.0
831038,1,1,962.5,531.9,280.0
831040,1,1,962.4,531.8,280.0
831042,1,1,962.2,531.1,280.0
831044,1,1,962.1,530.9,280.0
831046,1,1,961.1,531.5,278.0
831048,1,1,960.1,531.8,277.0
831050,1,1,960.8,532.8,277.0
831052,1,1,960.5,532.2,277.0
831054,1,1,960.7,533.6,277.0
831056,1,1,960.1,534.1,277.0
831058,1,1,959.5,534.4,276.0
831060,1,1,959.3,534.0,276.0
831062,1,1,959.4,533.7,277.0
831064,1,1,959.2,532.7,277.0
831066,1,1,959.1,533.4,277.0
831068,1,1,958.6,533.2,277.0
831070,1,1,958.5,532.9,277.0
831072,1,1,958.6,532.9,277.0
831074,1,1,958.6,532.2,277.0
831076,1,1,959.0,531.8,276.0
831078,1,1,959.3,531.5,276.0
831080,1,1,959.3,532.0,276.0
831082,1,1,959.4,531.6,276.0
831084,1,1,959.6,531.2,276.0
831086,1,1,959.6,530.9,276.0
831088,1,1,959.5,531.0,275.0
831090,1,1,959.4,530.7,275.0
831092,1,1,959.5,530.9,275.0
831094,1,1,959.3,531.1,275.0
831096,1,1,959.2,531.2,275.0
831098,1,1,959.2,530.9,275.0
831100,1,1,959.4,530.7,276.0
831102,1,1,958.4,530.6,277.0
831104,1,1,958.3,530.9,277.0
831106,1,1,958.0,529.8,276.0
831108,1,1,957.8,530.1,275.0
831110,1,1,957.8,530.2,275.0
831112,1,1,958.0,530.2,275.0
831114,1,1,958.1,530.9,275.0
831116,1,1,958.4,530.2,275.0
831118,1,1,958.5,529.3,276.0
831120,1,1,958.8,528.8,276.0
831122,1,1,959.4,529.1,277.0
831124,1,1,959.7,528.6,277.0
831126,1,1,959.5,529.8,277.0
831128,1,1,960.2,530.8,275.0
831130,1,1,959.8,531.4,275.0
831132,1,1,959.5,531.7,274.0
831134,1,1,959.1,532.0,274.0
831136,1,1,958.7,531.8,275.0
831138,1,1,958.8,532.0,275.0
831140,1,1,958.5,531.2,275.0
831142,1,1,958.2,530.4,275.0
831144,1,1,958.3,530.6,276.0
831146,1,1,958.4,530.9,276.0
831148,1,1,957.5,531.4,276.0
831150,1,1,957.3,531.8,276.0
831152,1,1,957.5,531.6,274.0
831154,1,1,957.0,531.4,274.0
831156,1,1,956.5,530.6,273.0
831158,1,1,956.3,530.6,273.0
831160,1,1,956.2,529.8,274.0
831162,1,1,956.4,529.6,274.0
831164,1,1,956.5,529.8,274.0
831166,1,1,956.6,529.6,274.0
831168,1,1,956.7,530.0,274.0
831170,1,1,956.8,530.0,274.0
831172,1,1,956.9,530.1,274.0
831174,1,1,956.9,529.7,275.0
831176,1,1,957.1,529.0,275.0
831178,1,1,957.2,528.2,276.0
831180,1,1,957.3,528.6,276.0
831182,1,1,957.4,528.4,275.0
831184,1,1,957.5,528.4,275.0
831186,1,1,957.5,528.3,275.0
831188,1,1,957.5,528.7,274.0
831190,1,1,957.5,528.7,273.0
831192,1,1,957.5,528.9,273.0
831194,1,1,957.8,528.8,273.0
831196,1,1,957.8,529.5,273.0
831198,1,1,958.7,529.5,273.0
831200,1,1,958.7,529.0,274.0
831202,1,1,958.4,528.4,274.0
831204,1,1,958.0,528.3,275.0
831206,1,1,958.2,527.9,275.0
831208,1,1,957.9,528.8,275.0
831210,1,1,957.7,529.1,275.0
831212,1,1,957.6,529.2,275.0
831214,1,1,957.6,529.3,274.0
831216,1,1,957.6,530.1,274.0
831218,1,1,958.2,529.9,274.0
831220,1,1,958.6,529.8,275.0
831222,1,1,958.8,528.9,276.0
831224,1,1,958.5,528.8,276.0
831226,1,1,959.4,529.3,276.0
831228,1,1,958.9,529.8,275.0
831230,1,1,959.2,529.8,275.0
831232,1,1,958.2,530.2,275.0
831234,1,1,958.1,530.6,275.0
831236,1,1,958.0,532.4,275.0
831238,1,1,958.1,532.3,276.0
831240,1,1,959.4,532.0,276.0
831242,1,1,960.9,532.3,276.0
831244,1,1,960.8,531.8,275.0
831246,1,1,961.0,532.8,275.0
831248,1,1,960.8,533.0,274.0
831250,1,1,960.8,533.1,274.0
831252,1,1,961.1,532.9,274.0
831254,1,1,961.7,533.5,275.0
831256,1,1,961.2,533.1,275.0
831258,1,1,961.0,533.6,275.0
831260,1,1,960.3,534.0,275.0
831262,1,1,959.7,533.3,275.0
831264,1,1,959.9,533.9,274.0
831266,1,1,960.3,534.1,274.0
831268,1,1,960.4,534.0,274.0
831270,1,1,960.6,534.1,273.0
831272,1,1,959.8,534.4,273.0
831274,1,1,960.0,534.1,273.0
831276,1,1,959.9,533.8,273.0
831278,1,1,959.9,533.5,274.0
831280,1,1,961.6,533.2,274.0
831282,1,1,961.5,534.9,275.0
831284,1,1,961.2,535.2,275.0
831286,1,1,961.1,535.0,275.0
831288,1,1,960.9,534.7,275.0
831290,1,1,961.3,534.1,274.0
831292,1,1,961.2,533.9,274.0
831294,1,1,961.1,534.1,274.0
831296,1,1,960.8,533.9,274.0
831298,1,1,961.4,533.5,274.0
831300,1,1,960.8,533.4,274.0
831302,1,1,961.9,533.1,273.0
831304,1,1,962.8,532.4,273.0
831306,1,1,962.8,531.7,273.0
831308,1,1,962.6,531.0,274.0
831310,1,1,961.9,530.9,273.0
831312,1,1,962.2,532.0,273.0
831314,1,1,962.2,531.5,272.0
831316,1,1,962.1,531.0,272.0
831318,1,1,962.2,530.9,273.0
831320,1,1,962.1,530.8,274.0
831322,1,1,962.3,530.7,274.0
831324,1,1,962.1,530.1,274.0
831326,1,1,962.2,531.2,274.0
831328,1,1,962.8,532.1,274.0
831330,1,1,962.7,531.2,274.0
831332,1,1,962.5,530.4,274.0
831334,1,1,962.8,529.6,274.0
831336,1,1,962.5,529.3,274.0
831338,1,1,962.4,530.6,274.0
831340,1,1,962.1,530.3,275.0
831342,1,1,962.3,531.0,274.0
831344,1,1,962.1,530.6,274.0
831346,1,1,962.1,531.5,274.0
831348,1,1,961.7,532.5,274.0
831350,1,1,961.7,534.6,274.0
831352,1,1,961.4,534.0,273.0
831354,1,1,961.0,533.4,272.0
831356,1,1,960.6,534.1,272.0
831358,1,1,959.7,533.4,272.0
831360,1,1,959.2,532.7,273.0
831362,1,1,958.8,532.1,273.0
831364,1,1,958.6,532.0,273.0
831366,1,1,960.6,531.8,273.0
831368,1,1,962.4,530.8,273.0
831370,1,1,963.3,530.9,273.0
831372,1,1,964.0,529.2,273.0
831374,1,1,964.3,527.6,273.0
831376,1,1,963.6,524.4,271.0
831378,1,1,963.2,523.9,270.0
831380,1,1,963.1,522.4,270.0
831382,1,1,962.8,521.9,270.0
831384,1,1,962.5,521.5,270.0
831386,1,1,961.7,520.2,269.0
831388,1,1,958.7,519.3,269.0
831390,1,1,957.8,516.8,269.0
831392,1,1,958.1,515.9,270.0
831394,1,1,958.0,515.0,270.0
831396,1,1,957.7,515.5,270.0
831398,1,1,957.5,514.1,269.0
831400,1,1,957.4,512.7,269.0
831402,1,1,957.4,512.9,269.0
831404,1,1,957.8,513.2,269.0
831406,1,1,958.4,513.8,270.0
831408,1,1,958.3,512.8,269.0
831410,1,1,958.5,513.7,270.0
831412,1,1,958.3,513.4,269.0
831414,1,1,958.2,513.3,268.0
831416,1,1,959.0,513.2,269.0
831418,1,1,959.1,513.2,269.0
831420,1,1,959.1,513.2,269.0
831422,1,1,959.6,514.7,270.0
831424,1,1,959.0,513.3,270.0
831426,1,1,959.0,512.6,270.0
831428,1,1,958.8,512.0,270.0
831430,1,1,959.4,511.9,270.0
831432,1,1,959.0,512.0,270.0
831434,1,1,959.8,513.1,271.0
831436,1,1,960.3,513.4,272.0
831438,1,1,959.4,513.6,272.0
831440,1,1,958.8,513.7,272.0
831442,1,1,958.6,513.7,271.0
831444,1,1,958.1,513.8,271.0
831446,1,1,958.5,514.4,271.0
831448,1,1,958.6,514.1,271.0
831450,1,1,958.9,514.4,270.0
831452,1,1,958.8,514.1,270.0
831454,1,1,958.8,513.7,269.0
831456,1,1,958.6,513.6,269.0
831458,1,1,959.4,513.4,269.0
831460,1,1,958.0,513.6,268.0
831462,1,1,957.6,515.0,269.0
831464,1,1,957.3,516.3,269.0
831466,1,1,957.2,516.4,269.0
831468,1,1,957.1,516.5,270.0
831470,1,1,957.2,517.8,270.0
831472,1,1,957.3,519.1,271.0
831474,1,1,957.7,520.4,270.0
831476,1,1,957.8,521.0,271.0
831478,1,1,957.5,521.7,271.0
831480,1,1,957.6,521.6,271.0
831482,1,1,957.8,521.6,271.0
831484,1,1,958.5,521.8,271.0
831486,1,1,958.2,522.2,270.0
831488,1,1,957.8,523.3,269.0
831490,1,1,958.2,523.3,269.0
831492,1,1,957.6,525.8,270.0
831494,1,1,957.9,524.4,270.0
831496,1,1,956.8,524.6,271.0
831498,1,1,956.4,524.2,271.0
831500,1,1,956.4,525.2,271.0
831502,1,1,956.4,524.4,271.0
831504,1,1,956.8,524.3,271.0
831506,1,1,957.4,524.2,271.0
831508,1,1,958.1,524.1,273.0
831510,1,1,959.1,525.6,273.0
831512,1,1,959.8,526.4,273.0
831514,1,1,959.6,526.8,273.0
831516,1,1,959.7,527.1,273.0
831518,1,1,960.0,526.6,273.0
831520,1,1,960.2,526.3,273.0
831522,1,1,960.0,524.5,273.0
831524,1,1,959.7,523.6,273.0
831526,1,1,960.1,522.5,275.0
831528,1,1,960.4,522.4,275.0
831530,1,1,960.6,522.2,275.0
831532,1,1,960.7,522.2,275.0
831534,1,1,961.5,521.8,275.0
831536,1,1,961.1,522.0,275.0
831538,1,1,960.9,522.0,274.0
831540,1,1,960.2,522.2,274.0
831542,1,1,959.6,522.2,273.0
831544,1,1,958.9,522.3,273.0
831546,1,1,959.0,522.1,273.0
831548,1,1,958.5,520.8,274.0
831550,1,1,958.2,519.3,274.0
831552,1,1,958.8,520.9,273.0
831554,1,1,958.3,522.4,273.0
831556,1,1,958.4,522.0,274.0
831558,1,1,958.5,522.4,274.0
831560,1,1,958.5,522.8,273.0
831562,1,1,958.6,524.0,273.0
831564,1,1,958.6,524.6,274.0
831566,1,1,958.6,523.7,274.0
831568,1,1,958.6,524.5,274.0
831570,1,1,958.4,525.3,274.0
831572,1,1,958.1,525.7,275.0
831574,1,1,957.7,525.8,275.0
831576,1,1,958.3,525.8,276.0
831578,1,1,958.6,525.7,276.0
831580,1,1,958.7,526.7,275.0
831582,1,1,958.7,527.8,275.0
831584,1,1,958.9,527.3,276.0
831586,1,1,959.4,527.7,276.0
831588,1,1,959.6,528.1,276.0
831590,1,1,959.8,528.0,276.0
831592,1,1,960.0,527.9,276.0
831594,1,1,959.6,526.4,276.0
831596,1,1,959.5,524.9,276.0
831598,1,1,959.2,525.3,275.0
831600,1,1,958.9,525.7,275.0
831602,1,1,958.8,526.6,275.0
831604,1,1,958.8,527.3,275.0
831606,1,1,958.9,527.9,275.0
831608,1,1,959.0,528.1,276.0
831610,1,1,959.0,528.2,276.0
831612,1,1,959.0,528.2,276.0
831614,1,1,959.1,528.0,276.0
831616,1,1,958.1,528.0,276.0
831618,1,1,957.7,527.3,276.0
831620,1,1,957.2,526.6,277.0
831622,1,1,957.9,526.2,278.0
831624,1,1,957.7,526.0,278.0
831626,1,1,958.3,525.9,279.0
831628,1,1,958.0,525.9,279.0
831630,1,1,958.1,526.4,279.0
831632,1,1,957.8,526.5,279.0
831634,1,1,957.5,526.5,279.0
831636,1,1,957.5,526.7,279.0
831638,1,1,957.5,526.7,279.0
831640,1,1,957.4,526.7,279.0
831642,1,1,957.4,527.4,278.0
831644,1,1,957.1,528.1,278.0
831646,1,1,956.6,527.4,277.0
831648,1,1,956.2,526.7,277.0
831650,1,1,955.8,526.3,277.0
831652,1,1,955.6,525.9,277.0
831654,1,1,955.4,524.0,277.0
831656,1,1,955.7,524.4,276.0
831658,1,1,955.9,524.7,276.0
831660,1,1,956.2,527.4,276.0
831662,1,1,955.9,527.5,277.0
831664,1,1,956.3,527.4,278.0
831666,1,1,955.8,527.3,278.0
831668,1,1,955.3,527.2,278.0
831670,1,1,955.0,526.7,278.0
831672,1,1,954.8,527.2,278.0
831674,1,1,955.2,527.1,279.0
831676,1,1,954.9,527.1,278.0
831678,1,1,956.3,526.8,278.0
831680,1,1,956.2,526.8,279.0
831682,1,1,956.3,526.7,280.0
831684,1,1,957.3,526.5,280.0
831686,1,1,957.4,526.9,280.0
831688,1,1,957.2,526.6,280.0
831690,1,1,957.5,526.2,280.0
831692,1,1,957.7,526.6,280.0
831694,1,1,957.4,525.1,280.0
831696,1,1,957.1,525.4,280.0
831698,1,1,957.0,525.4,280.0
831700,1,1,956.8,525.5,280.0
831702,1,1,956.9,525.1,281.0
831704,1,1,956.9,525.5,281.0
831706,1,1,957.2,525.1,281.0
831708,1,1,957.5,525.4,280.0
831710,1,1,958.1,525.7,280.0
831712,1,1,965.0,524.4,281.0
831714,1,1,968.5,524.7,282.0
831716,1,1,969.8,525.4,282.0
831718,1,1,971.3,525.6,283.0
831720,1,1,970.6,526.2,282.0
831722,1,1,970.0,525.9,284.0
831724,1,1,969.2,526.0,286.0
831726,1,1,969.4,526.1,286.0
831728,1,1,969.3,526.2,286.0
831730,1,1,969.4,525.4,286.0
831732,1,1,969.6,525.7,286.0
831734,1,1,970.0,526.1,286.0
831736,1,1,968.9,526.5,286.0
831738,1,1,968.1,526.1,285.0
831740,1,1,967.9,526.2,285.0
831742,1,1,968.0,526.4,285.0
831744,1,1,968.1,526.3,285.0
831746,1,1,968.6,526.0,285.0
831748,1,1,968.7,526.0,285.0
831750,1,1,969.2,526.1,284.0
831752,1,1,970.5,526.3,284.0
831754,1,1,972.6,529.6,285.0
831756,1,1,972.2,529.5,285.0
831758,1,1,972.4,528.7,285.0
831760,1,1,971.6,528.3,284.0
831762,1,1,972.4,529.0,284.0
831764,1,1,973.0,529.5,284.0
831766,1,1,973.3,529.2,285.0
831768,1,1,973.6,530.2,286.0
831770,1,1,973.5,529.8,286.0
831772,1,1,973.3,529.3,286.0
831774,1,1,973.5,530.1,285.0
831776,1,1,973.4,529.9,285.0
831778,1,1,977.3,529.2,283.0
831780,1,1,977.0,528.4,283.0
831782,1,1,973.8,529.5,283.0
831784,1,1,974.1,528.9,284.0
831786,1,1,974.6,529.0,285.0
831788,1,1,973.0,528.9,286.0
831790,1,1,972.3,529.3,286.0
831792,1,1,971.8,529.6,286.0
831794,1,1,971.8,529.7,286.0
831796,1,1,971.7,529.8,286.0
831798,1,1,971.4,529.3,287.0
831800,1,1,971.2,528.7,287.0
831802,1,1,971.2,529.2,287.0
831804,1,1,971.1,528.5,287.0
831806,1,1,970.0,528.8,286.0
831808,1,1,970.1,528.5,286.0
831810,1,1,969.3,528.5,286.0
831812,1,1,968.4,528.2,286.0
831814,1,1,968.3,527.9,286.0
831816,1,1,968.3,527.3,286.0
831818,1,1,968.3,527.1,288.0
831820,1,1,968.3,527.0,288.0
831822,1,1,968.8,527.7,290.0
831824,1,1,968.4,527.5,290.0
831826,1,1,968.3,527.3,289.0
831828,1,1,968.1,526.0,288.0
831830,1,1,968.0,526.0,288.0
831832,1,1,967.8,526.4,289.0
831834,1,1,968.2,526.6,289.0
831836,1,1,968.3,526.7,289.0
831838,1,1,968.2,526.6,289.0
831840,1,1,968.2,526.5,288.0
831842,1,1,967.5,526.8,287.0
831844,1,1,967.4,526.5,287.0
831846,1,1,967.6,527.2,287.0
831848,1,1,967.6,526.9,287.0
831850,1,1,967.5,526.6,288.0
831852,1,1,967.4,527.1,288.0
831854,1,1,967.2,527.4,288.0
831856,1,1,967.2,528.8,287.0
831858,1,1,966.9,528.5,287.0
831860,1,1,966.8,528.2,287.0
831862,1,1,966.1,527.6,287.0
831864,1,1,966.2,527.4,287.0
831866,1,1,966.1,527.2,287.0
831868,1,1,964.8,527.3,286.0
831870,1,1,963.7,527.3,286.0
831872,1,1,964.0,527.7,286.0
831874,1,1,964.0,527.5,286.0
831876,1,1,964.1,527.9,286.0
831878,1,1,964.6,527.4,286.0
831880,1,1,964.2,528.9,285.0
831882,1,1,963.5,529.5,285.0
831884,1,1,964.5,529.5,285.0
831886,1,1,963.7,529.4,284.0
831888,1,1,963.8,529.3,284.0
831890,1,1,963.6,528.9,284.0
831892,1,1,963.8,528.6,285.0
831894,1,1,963.2,528.6,285.0
831896,1,1,963.9,528.8,285.0
831898,1,1,963.8,529.1,285.0
831900,1,1,964.1,529.0,285.0
831902,1,1,964.1,528.9,284.0
831904,1,1,964.3,528.1,284.0
831906,1,1,964.1,527.4,284.0
831908,1,1,964.0,527.5,284.0
831910,1,1,963.6,527.5,284.0
831912,1,1,963.4,528.5,285.0
831914,1,1,963.4,528.0,285.0
831916,1,1,963.6,528.4,284.0
831918,1,1,963.6,528.8,284.0
831920,1,1,963.6,528.3,284.0
831922,1,1,963.2,527.7,284.0
831924,1,1,963.0,528.0,285.0
831926,1,1,962.9,527.5,285.0
831928,1,1,963.0,527.1,285.0
831930,1,1,963.0,527.6,285.0
831932,1,1,964.0,527.4,285.0
831934,1,1,963.6,527.4,284.0
831936,1,1,963.6,527.3,284.0
831938,1,1,963.6,527.1,284.0
831940,1,1,963.7,527.0,284.0
831942,1,1,963.7,527.4,284.0
831944,1,1,964.1,527.7,282.0
831946,1,1,963.9,528.1,280.0
831948,1,1,964.4,528.4,280.0
831950,1,1,963.9,528.2,280.0
831952,1,1,963.6,528.1,280.0
831954,1,1,963.8,528.7,280.0
831956,1,1,964.0,528.4,281.0
831958,1,1,963.5,528.9,283.0
831960,1,1,963.3,528.5,283.0
831962,1,1,963.1,528.3,283.0
831964,1,1,963.4,528.1,282.0
831966,1,1,963.7,528.6,281.0
831968,1,1,963.9,528.7,281.0
831970,1,1,963.9,528.6,281.0
831972,1,1,964.1,529.7,281.0
831974,1,1,965.6,529.3,281.0
831976,1,1,965.6,529.0,281.0
831978,1,1,965.5,528.8,280.0
831980,1,1,964.7,528.7,279.0
831982,1,1,964.7,529.5,279.0
831984,1,1,964.6,529.4,279.0
831986,1,1,965.3,529.1,279.0
831988,1,1,964.9,529.0,279.0
831990,1,1,964.9,529.0,280.0
831992,1,1,964.9,528.9,280.0
831994,1,1,964.2,528.3,280.0
831996,1,1,963.9,527.7,280.0
831998,1,1,964.0,528.5,280.0
832000,1,1,963.8,528.2,280.0
832002,1,1,964.1,529.1,280.0
832004,1,1,964.4,528.8,280.0
832006,1,1,964.0,529.1,280.0
832008,1,1,963.9,529.5,280.0
832010,1,1,964.0,530.3,279.0
832012,1,1,964.0,531.0,279.0
832014,1,1,964.1,531.0,279.0
832016,1,1,964.2,531.0,279.0
832018,1,1,966.1,530.5,279.0
832020,1,1,966.4,530.2,279.0
832022,1,1,966.8,529.0,279.0
832024,1,1,967.0,529.1,280.0
832026,1,1,967.3,527.9,280.0
832028,1,1,967.2,527.8,280.0
832030,1,1,967.2,527.8,280.0
832032,1,1,967.6,528.9,280.0
832034,1,1,967.6,529.0,280.0
832036,1,1,967.6,529.1,280.0
832038,1,1,968.7,528.0,280.0
832040,1,1,969.1,528.6,280.0
832042,1,1,969.5,529.3,279.0
832044,1,1,969.6,530.0,279.0
832046,1,1,969.3,530.3,279.0
832048,1,1,968.8,529.9,279.0
832050,1,1,968.9,529.4,279.0
832052,1,1,969.0,529.5,278.0
832054,1,1,968.7,529.4,277.0
832056,1,1,968.8,529.2,276.0
832058,1,1,969.0,529.6,276.0
832060,1,1,968.9,530.1,276.0
832062,1,1,969.5,529.3,276.0
832064,1,1,970.1,528.9,277.0
832066,1,1,969.8,529.0,278.0
832068,1,1,969.6,529.1,277.0
832070,1,1,969.6,528.9,277.0
832072,1,1,969.6,528.8,277.0
832074,1,1,969.2,528.5,278.0
832076,1,1,968.7,528.5,278.0
832078,1,1,968.6,528.5,278.0
832080,1,1,968.6,529.4,277.0
832082,1,1,968.7,530.3,277.0
832084,1,1,968.7,529.6,277.0
832086,1,1,969.0,528.9,277.0
832088,1,1,968.6,528.6,277.0
832090,1,1,968.2,528.6,277.0
832092,1,1,967.1,528.8,277.0
832094,1,1,966.2,528.8,277.0
832096,1,1,965.4,529.8,277.0
832098,1,1,965.3,529.6,276.0
832100,1,1,965.7,530.0,276.0
832102,1,1,965.6,530.3,276.0
832104,1,1,965.8,530.3,277.0
832106,1,1,966.0,530.4,277.0
832108,1,1,965.8,531.2,277.0
832110,1,1,965.4,531.5,277.0
832112,1,1,965.0,531.7,276.0
832114,1,1,964.5,531.7,276.0
832116,1,1,965.7,531.4,276.0
832118,1,1,965.9,531.4,276.0
832120,1,1,965.8,531.4,277.0
832122,1,1,965.5,529.7,278.0
832124,1,1,965.3,529.2,280.0
832126,1,1,965.0,528.8,280.0
832128,1,1,965.0,529.0,282.0
832130,1,1,965.4,528.3,282.0
832132,1,1,965.9,527.7,281.0
832134,1,1,966.3,527.9,280.0
832136,1,1,965.9,527.5,280.0
832138,1,1,965.8,527.0,279.0
832140,1,1,965.8,526.9,279.0
832142,1,1,965.7,526.9,279.0
832144,1,1,965.8,527.0,279.0
832146,1,1,964.4,527.3,279.0
832148,1,1,964.7,528.1,278.0
832150,1,1,964.5,528.4,278.0
832152,1,1,964.4,528.8,278.0
832154,1,1,965.1,528.8,278.0
832156,1,1,964.4,529.2,278.0
832158,1,1,963.6,528.9,278.0
832160,1,1,964.7,529.7,278.0
832162,1,1,964.3,528.9,278.0
832164,1,1,964.6,528.0,278.0
832166,1,1,964.8,528.3,278.0
832168,1,1,965.0,527.8,278.0
832170,1,1,965.1,528.9,278.0
832172,1,1,965.2,528.8,279.0
832174,1,1,965.3,528.9,279.0
832176,1,1,965.0,528.3,278.0
832178,1,1,964.8,529.3,278.0
832180,1,1,964.1,530.4,278.0
832182,1,1,963.3,530.4,278.0
832184,1,1,963.7,531.2,278.0
832186,1,1,963.6,531.0,279.0
832188,1,1,963.8,531.2,279.0
832190,1,1,964.1,531.3,279.0
832192,1,1,963.2,531.6,279.0
832194,1,1,963.6,531.2,278.0
832196,1,1,964.1,531.2,278.0
832198,1,1,964.2,531.3,278.0
832200,1,1,964.3,531.9,277.0
832202,1,1,966.6,532.1,277.0
832204,1,1,966.7,532.4,277.0
832206,1,1,966.5,532.5,277.0
832208,1,1,966.7,531.8,277.0
832210,1,1,966.2,532.3,278.0
832212,1,1,966.2,531.5,279.0
832214,1,1,965.6,530.8,279.0
832216,1,1,964.8,528.9,279.0
832218,1,1,963.5,529.3,279.0
832220,1,1,963.9,529.3,279.0
832222,1,1,964.3,529.3,279.0
832224,1,1,965.5,529.3,279.0
832226,1,1,965.5,529.0,280.0
832228,1,1,965.4,528.9,281.0
832230,1,1,965.5,528.9,281.0
832232,1,1,965.6,529.1,281.0
832234,1,1,965.5,528.4,281.0
832236,1,1,965.9,528.8,280.0
832238,1,1,965.7,528.1,280.0
832240,1,1,965.8,527.5,279.0
832242,1,1,966.0,527.1,279.0
832244,1,1,966.4,526.8,279.0
832246,1,1,966.2,526.4,279.0
832248,1,1,966.2,526.1,278.0
832250,1,1,966.3,524.5,278.0
832252,1,1,966.8,523.4,279.0
832254,1,1,967.4,524.1,279.0
832256,1,1,967.7,522.2,279.0
832258,1,1,968.9,520.0,278.0
832260,1,1,969.1,520.8,277.0
832262,1,1,969.3,520.6,273.0
832264,1,1,968.7,520.7,273.0
832266,1,1,968.2,519.9,277.0
832268,1,1,969.7,521.0,277.0
832270,1,1,969.0,520.7,277.0
832272,1,1,968.2,520.8,276.0
832274,1,1,968.9,520.8,276.0
832276,1,1,968.9,520.5,276.0
832278,1,1,968.9,520.3,277.0
832280,1,1,968.7,520.4,277.0
832282,1,1,968.5,519.5,277.0
832284,1,1,968.2,520.0,277.0
832286,1,1,968.4,519.6,277.0
832288,1,1,966.8,520.2,278.0
832290,1,1,966.1,520.5,279.0
832292,1,1,966.0,521.5,279.0
832294,1,1,966.3,524.0,278.0
832296,1,1,966.2,524.8,278.0
832298,1,1,967.5,525.3,277.0
832300,1,1,967.0,527.9,277.0
832302,1,1,966.4,529.0,278.0
832304,1,1,965.7,530.3,278.0
832306,1,1,965.8,530.6,278.0
832308,1,1,965.1,530.7,278.0
832310,1,1,965.4,532.0,278.0
832312,1,1,964.9,533.4,279.0
832314,1,1,965.1,536.0,279.0
832316,1,1,965.2,536.3,279.0
832318,1,1,965.1,535.9,279.0
832320,1,1,965.1,535.5,279.0
832322,1,1,965.4,535.1,279.0
832324,1,1,965.8,535.1,279.0
832326,1,1,965.3,534.6,279.0
832328,1,1,965.3,534.8,279.0
832330,1,1,965.4,534.7,279.0
832332,1,1,965.5,536.0,279.0
832334,1,1,965.6,536.1,278.0
832336,1,2,965.8,536.2,278.0
832338,1,2,966.0,535.6,278.0
832340,1,2,966.4,535.6,278.0
832342,1,2,966.8,535.6,279.0
832344,1,2,967.7,535.6,278.0
832346,1,2,968.5,535.6,278.0
832348,1,2,968.7,535.6,278.0
832350,1,2,968.3,536.0,279.0
832352,1,2,968.4,536.2,279.0
832354,1,2,967.8,536.2,279.0
832356,1,2,968.5,536.8,279.0
832358,1,2,968.5,537.0,278.0
832360,1,2,968.9,537.1,278.0
832362,1,2,969.3,536.5,278.0
832364,1,2,970.1,535.9,278.0
832366,1,2,969.4,534.8,278.0
832368,1,2,969.6,533.0,277.0
832370,1,2,969.2,532.6,277.0
832372,1,2,968.8,532.8,278.0
832374,1,2,968.8,532.6,278.0
832376,1,2,969.0,532.6,278.0
832378,1,2,969.2,532.4,278.0
832380,1,2,968.9,533.3,277.0
832382,1,2,969.4,533.8,277.0
832384,1,2,969.2,534.4,277.0
832386,1,2,969.3,534.2,277.0
832388,1,2,969.5,534.2,277.0
832390,1,2,970.0,533.4,277.0
832392,1,2,969.6,533.0,277.0
832394,1,2,969.4,532.9,278.0
832396,1,2,969.4,533.5,277.0
832398,1,2,969.0,534.0,277.0
832400,1,2,969.0,533.8,277.0
832402,1,2,969.0,534.4,278.0
832404,1,2,968.9,535.0,278.0
832406,1,2,969.0,535.2,278.0
832408,1,2,968.7,535.2,278.0
832410,1,2,968.5,535.1,278.0
832412,1,2,968.4,533.7,278.0
832414,1,2,968.1,533.4,278.0
832416,1,2,968.2,533.4,278.0
832418,1,2,967.9,533.6,277.0
832420,1,2,967.7,533.7,277.0
832422,1,2,967.6,533.6,277.0
832424,1,2,967.8,534.4,278.0
832426,1,2,967.1,535.4,279.0
832428,1,2,967.3,536.1,280.0
832430,1,2,966.9,537.0,280.0
832432,1,2,966.4,536.1,280.0
832434,1,2,965.4,536.4,280.0
832436,1,2,964.7,536.6,280.0
832438,1,2,964.1,538.0,280.0
832440,1,2,964.1,536.9,280.0
832442,1,2,964.1,535.9,278.0
832444,1,2,964.3,536.8,278.0
832446,1,2,964.6,537.8,278.0
832448,1,2,964.9,537.3,279.0
832450,1,2,964.8,537.1,281.0
832452,1,2,964.8,536.9,281.0
832454,1,2,964.9,536.8,281.0
832456,1,2,964.2,536.8,280.0
832458,1,2,963.4,537.0,280.0
832460,1,2,963.3,537.0,279.0
832462,1,2,963.1,537.0,279.0
832464,1,2,963.4,538.1,280.0
832466,1,2,963.3,537.3,280.0
832468,1,2,963.3,537.2,280.0
832470,1,2,963.1,537.2,280.0
832472,1,2,963.1,537.2,280.0
832474,1,2,962.9,536.8,278.0
832476,1,2,962.2,537.0,278.0
832478,1,2,961.9,537.2,279.0
832480,1,2,963.3,537.0,280.0
832482,1,2,963.7,536.9,280.0
832484,1,2,964.3,537.1,281.0
832486,1,2,964.2,536.6,281.0
832488,1,2,964.2,536.0,281.0
832490,1,2,963.0,534.7,281.0
832492,1,2,962.7,534.4,282.0
832494,1,2,963.3,534.2,284.0
832496,1,2,962.8,534.3,284.0
832498,1,2,962.3,534.4,283.0
832500,1,2,962.6,534.3,283.0
832502,1,2,962.9,534.5,282.0
832504,1,2,962.4,534.1,282.0
832506,1,2,962.5,534.3,282.0
832508,1,2,962.5,534.4,283.0
832510,1,2,962.7,534.3,283.0
832512,1,2,962.8,534.1,283.0
832514,1,2,963.4,533.9,283.0
832516,1,2,963.8,533.7,284.0
832518,1,2,963.8,534.0,284.0
832520,1,2,963.8,534.3,285.0
832522,1,2,964.1,534.4,285.0
832524,1,2,964.3,534.3,285.0
832526,1,2,964.1,534.3,285.0
832528,1,2,964.0,534.8,285.0
832530,1,2,964.4,535.3,285.0
832532,1,2,964.4,535.1,286.0
832534,1,2,965.0,535.2,286.0
832536,1,2,965.0,535.1,286.0
832538,1,2,964.8,535.5,286.0
832540,1,2,964.6,535.6,287.0
832542,1,2,962.2,536.3,287.0
832544,1,2,956.6,537.1,287.0
832546,1,2,951.0,537.2,286.0
832548,1,2,935.1,538.9,285.0
832550,1,2,922.1,538.9,285.0
832552,1,2,893.2,542.3,285.0
832554,1,2,865.8,545.5,285.0
832556,1,2,833.0,545.8,286.0
832558,1,2,797.0,548.2,287.0
832560,1,2,766.1,548.1,287.0
832562,1,2,729.5,548.4,287.0
832564,1,2,698.4,550.9,286.0
832566,1,2,661.3,553.5,286.0
832568,1,2,629.9,555.1,287.0
832570,1,2,595.7,556.4,287.0
832572,1,2,560.8,557.9,287.0
832574,1,2,532.8,560.2,286.0
832576,1,2,502.9,562.0,286.0
832578,1,2,478.3,564.2,286.0
832580,1,2,464.3,563.8,286.0
832582,1,2,458.3,564.3,287.0
832584,1,2,452.2,564.7,287.0
832586,1,2,451.6,566.0,288.0
832588,1,2,450.8,567.0,288.0
832590,1,2,449.1,566.6,288.0
832592,1,2,449.0,566.5,289.0
832594,1,2,448.9,566.6,290.0
832596,1,2,448.8,567.0,292.0
832598,1,2,447.4,568.5,292.0
832600,1,2,446.9,567.8,292.0
832602,1,2,447.1,567.2,292.0
832604,1,2,447.2,567.2,291.0
832606,1,2,448.6,567.4,291.0
832608,1,2,449.4,567.2,291.0
832610,1,2,450.3,567.1,291.0
832612,1,2,450.7,568.0,292.0
832614,1,2,451.0,566.6,292.0
832616,1,2,451.1,566.2,292.0
832618,1,2,451.0,565.8,292.0
832620,1,2,450.8,565.4,292.0
832622,1,2,450.8,566.0,292.0
832624,1,2,449.4,565.7,292.0
832626,1,2,449.1,565.4,293.0
832628,1,2,448.8,565.7,293.0
832630,1,2,449.6,565.9,293.0
832632,1,2,450.2,564.8,294.0
832634,1,2,450.2,564.7,294.0
832636,1,2,450.1,564.5,294.0
832638,1,2,449.8,564.4,294.0
832640,1,2,447.7,566.1,294.0
832642,1,2,448.9,566.3,294.0
832644,1,2,449.2,565.8,295.0
832646,1,2,449.0,565.4,295.0
832648,1,2,449.1,565.6,294.0
832650,1,2,449.2,563.8,294.0
832652,1,2,448.7,561.9,294.0
832654,1,2,448.8,560.6,294.0
832656,1,2,448.5,562.5,295.0
832658,1,2,448.5,564.3,295.0
832660,1,2,448.7,564.3,295.0
832662,1,2,448.8,564.2,296.0
832664,1,2,448.3,563.1,296.0
832666,1,2,448.3,562.6,296.0
832668,1,2,448.3,562.1,295.0
832670,1,2,448.8,563.0,295.0
832672,1,2,448.8,563.9,295.0
832674,1,2,448.8,563.1,295.0
832676,1,2,448.8,563.8,295.0
832678,1,2,449.0,563.7,294.0
832680,1,2,449.3,563.7,294.0
832682,1,2,449.6,562.9,295.0
832684,1,2,449.8,561.7,299.0
832686,1,2,449.8,561.7,299.0
832688,1,2,449.9,561.7,299.0
832690,1,2,450.2,562.1,298.0
832692,1,2,449.5,562.2,298.0
832694,1,2,449.6,562.1,298.0
832696,1,2,449.5,562.9,297.0
832698,1,2,449.9,561.9,297.0
832700,1,2,449.7,563.2,297.0
832702,1,2,449.3,561.2,298.0
832704,1,2,448.4,562.5,297.0
832706,1,2,448.4,563.6,297.0
832708,1,2,448.4,563.1,297.0
832710,1,2,448.8,562.5,297.0
832712,1,2,448.7,559.7,297.0
832714,1,2,449.0,559.9,299.0
832716,1,2,449.3,558.2,299.0
832718,1,2,449.4,558.1,299.0
832720,1,2,449.2,558.0,300.0
832722,1,2,448.8,555.8,302.0
832724,1,2,448.6,555.0,302.0
832726,1,2,449.3,554.6,302.0
832728,1,2,449.3,554.7,302.0
832730,1,2,449.3,554.7,302.0
832732,1,2,449.5,557.4,300.0
832734,1,2,449.7,558.5,300.0
832736,1,2,449.6,558.8,300.0
832738,1,2,449.5,558.6,300.0
832740,1,2,449.5,560.5,298.0
832742,1,2,449.5,562.2,298.0
832744,1,2,448.9,563.4,298.0
832746,1,2,449.3,563.1,298.0
832748,1,2,449.3,562.8,299.0
832750,1,2,449.5,562.8,299.0
832752,1,2,449.8,562.9,299.0
832754,1,2,449.6,561.2,299.0
832756,1,2,449.7,563.1,300.0
832758,1,2,449.0,562.3,300.0
832760,1,2,449.8,562.0,299.0
832762,1,2,450.1,561.9,299.0
832764,1,2,450.3,561.9,299.0
832766,1,2,450.0,562.7,298.0
832768,1,2,450.1,563.6,298.0
832770,1,2,450.1,562.8,298.0
832772,1,2,450.0,562.1,299.0
832774,1,2,450.2,561.6,299.0
832776,1,2,450.1,562.6,299.0
832778,1,2,450.3,562.4,299.0
832780,1,2,450.5,562.3,299.0
832782,1,2,451.0,562.1,299.0
832784,1,2,450.7,562.5,299.0
832786,1,2,450.5,561.5,299.0
832788,1,2,450.4,560.5,299.0
832790,1,2,451.2,558.1,300.0
832792,1,2,451.9,556.0,300.0
832794,1,2,451.8,556.8,300.0
832796,1,2,451.7,556.2,300.0
832798,1,2,451.7,555.5,300.0
832800,1,2,451.7,557.0,299.0
832802,1,2,451.1,558.5,299.0
832804,1,2,451.2,558.8,299.0
832806,1,2,450.7,559.0,300.0
832808,1,2,451.0,563.7,300.0
832810,1,2,451.1,563.4,300.0
832812,1,2,451.2,564.2,299.0
832814,1,2,451.2,563.6,298.0
832816,1,2,451.4,563.2,298.0
832818,1,2,451.7,561.4,299.0
832820,1,2,451.9,561.4,300.0
832822,1,2,452.0,561.3,300.0
832824,1,2,451.5,559.3,301.0
832826,1,2,451.1,558.6,301.0
832828,1,2,451.6,558.0,301.0
832830,1,2,452.2,557.9,301.0
832832,1,2,451.6,558.4,301.0
832834,1,2,451.6,558.8,303.0
832836,1,2,451.5,559.4,303.0
832838,1,2,451.4,559.7,303.0
832840,1,2,451.4,559.9,302.0
832842,1,2,451.5,559.9,302.0
832844,1,2,451.5,559.9,302.0
832846,1,2,451.4,559.9,302.0
832848,1,2,451.3,559.8,302.0
832850,1,2,451.4,559.3,301.0
832852,1,2,451.5,559.3,301.0
832854,1,2,451.2,559.9,300.0
832856,1,2,452.0,560.4,300.0
832858,1,2,453.0,565.9,300.0
832860,1,2,454.9,567.0,300.0
832862,1,2,456.8,566.9,300.0
832864,1,2,471.9,569.3,300.0
832866,1,2,483.1,569.4,301.0
832868,1,2,514.0,568.0,302.0
832870,1,2,542.6,570.7,302.0
832872,1,2,581.0,572.4,303.0
832874,1,2,623.6,579.5,304.0
832876,1,2,664.3,579.4,306.0
832878,1,2,714.6,583.5,307.0
832880,1,2,763.9,585.2,308.0
832882,1,2,807.0,587.6,308.0
832884,1,2,860.6,590.3,308.0
832886,1,2,914.5,594.3,307.0
832888,1,2,970.0,602.5,307.0
832890,1,2,1024.7,609.4,307.0
832892,1,2,1071.1,609.7,307.0
832894,1,2,1120.6,607.2,306.0
832896,1,2,1175.3,605.5,306.0
832898,1,2,1224.7,608.0,305.0
832900,1,2,1271.0,612.0,305.0
832902,1,2,1321.4,619.4,306.0
832904,1,2,1359.7,614.1,306.0
832906,1,2,1397.4,615.5,301.0
832908,1,2,1440.3,625.6,301.0
832910,1,2,1469.4,623.6,294.0
832912,1,2,1505.6,622.1,294.0
832914,1,2,1534.1,629.5,295.0
832916,1,2,1562.4,629.9,296.0
832918,1,2,1586.7,624.5,296.0
832920,1,2,1601.1,620.3,296.0
832922,1,2,1600.8,621.0,301.0
832924,1,2,1600.2,619.7,303.0
832926,1,2,1598.9,618.7,304.0
832928,1,2,1592.5,617.6,305.0
832930,1,2,1587.5,618.5,306.0
832932,1,2,1586.5,617.8,306.0
832934,1,2,1587.0,618.2,306.0
832936,1,2,1587.6,618.5,307.0
832938,1,2,1588.3,620.7,307.0
832940,1,2,1588.2,621.8,307.0
832942,1,2,1588.4,622.8,307.0
832944,1,2,1588.5,622.3,306.0
832946,1,2,1589.0,623.3,306.0
832948,1,2,1589.0,623.0,304.0
832950,1,2,1590.9,622.1,303.0
832952,1,2,1591.7,623.2,303.0
832954,1,2,1591.8,624.5,303.0
832956,1,2,1591.4,623.1,303.0
832958,1,2,1590.8,621.7,303.0
832960,1,2,1591.3,621.3,304.0
832962,1,2,1590.9,621.1,304.0
832964,1,2,1590.6,622.2,304.0
832966,1,2,1590.4,623.3,304.0
832968,1,2,1590.0,622.9,304.0
832970,1,2,1589.2,623.5,304.0
832972,1,2,1589.2,623.9,304.0
832974,1,2,1589.1,623.3,305.0
832976,1,2,1589.1,623.1,307.0
832978,1,2,1589.1,623.1,307.0
832980,1,2,1588.3,623.3,305.0
832982,1,2,1587.4,623.4,306.0
832984,1,2,1587.2,623.7,307.0
832986,1,2,1587.0,622.4,308.0
832988,1,2,1586.1,623.5,309.0
832990,1,2,1585.0,624.0,311.0
832992,1,2,1584.6,623.9,310.0
832994,1,2,1584.3,625.5,310.0
832996,1,2,1584.8,625.7,310.0
832998,1,2,1584.2,625.6,310.0
833000,1,2,1584.7,625.1,310.0
833002,1,2,1584.6,624.8,310.0
833004,1,2,1584.5,624.5,311.0
833006,1,2,1583.7,624.1,311.0
833008,1,2,1584.1,623.8,311.0
833010,1,2,1583.7,623.7,311.0
833012,1,2,1582.9,620.2,312.0
833014,1,2,1582.4,620.3,312.0
833016,1,2,1581.8,620.7,313.0
833018,1,2,1581.7,621.0,314.0
833020,1,2,1581.9,620.0,315.0
833022,1,2,1581.3,619.1,317.0
833024,1,2,1581.7,618.9,317.0
833026,1,2,1582.0,618.6,316.0
833028,1,2,1581.2,618.1,316.0
833030,1,2,1581.8,617.8,316.0
833032,1,2,1581.9,618.2,317.0
833034,1,2,1581.7,618.2,317.0
833036,1,2,1582.1,618.1,317.0
833038,1,2,1581.8,617.9,316.0
833040,1,2,1581.5,617.4,315.0
833042,1,2,1580.5,617.0,315.0
833044,1,2,1579.9,616.6,315.0
833046,1,2,1579.2,616.2,315.0
833048,1,2,1578.7,617.1,315.0
833050,1,2,1579.2,616.8,316.0
833052,1,2,1579.0,617.0,317.0
833054,1,2,1578.9,617.0,319.0
833056,1,2,1578.6,615.5,319.0
833058,1,2,1577.4,615.6,319.0
833060,1,2,1577.0,615.3,319.0
833062,1,2,1577.1,615.5,319.0
833064,1,2,1576.9,614.9,319.0
833066,1,2,1577.1,615.9,319.0
833068,1,2,1577.1,616.2,319.0
833070,1,2,1577.2,616.4,319.0
833072,1,2,1576.1,616.9,321.0
833074,1,2,1576.7,617.2,321.0
833076,1,2,1576.4,616.8,321.0
833078,1,2,1576.2,616.8,321.0
833080,1,2,1576.7,616.5,321.0
833082,1,2,1577.1,614.9,321.0
833084,1,2,1577.2,615.3,321.0
833086,1,2,1577.1,615.9,321.0
833088,1,2,1576.6,614.0,321.0
833090,1,2,1576.6,614.6,323.0
833092,1,2,1576.6,615.1,323.0
833094,1,2,1576.1,614.5,322.0
833096,1,2,1576.0,616.1,322.0
833098,1,2,1576.0,616.7,322.0
833100,1,2,1575.7,616.8,322.0
833102,1,2,1575.8,616.6,323.0
833104,1,2,1575.6,616.7,323.0
833106,1,2,1575.2,614.1,323.0
833108,1,2,1574.8,614.4,322.0
833110,1,2,1574.8,612.9,323.0
833112,1,2,1574.4,611.4,323.0
833114,1,2,1574.5,609.8,324.0
833116,1,2,1574.6,609.6,325.0
833118,1,2,1574.7,605.4,325.0
833120,1,2,1574.4,601.2,325.0
833122,1,2,1574.6,601.2,326.0
833124,1,2,1573.5,600.4,327.0
833126,1,2,1574.0,600.7,327.0
833128,1,2,1574.3,601.0,327.0
833130,1,2,1573.5,600.9,327.0
833132,1,2,1574.0,600.7,327.0
833134,1,2,1574.2,600.7,327.0
833136,1,2,1574.0,600.4,327.0
833138,1,2,1574.7,599.8,327.0
833140,1,2,1575.4,601.8,327.0
833142,1,2,1574.6,601.5,326.0
833144,1,2,1573.9,603.7,326.0
833146,1,2,1574.0,605.6,324.0
833148,1,2,1573.8,605.6,324.0
833150,1,2,1573.5,605.1,324.0
833152,1,2,1574.5,605.2,327.0
833154,1,2,1574.0,604.4,327.0
833156,1,2,1573.5,603.7,327.0
833158,1,2,1573.8,604.2,328.0
833160,1,2,1573.3,605.2,328.0
833162,1,2,1572.7,605.7,326.0
833164,1,2,1571.2,606.6,325.0
833166,1,2,1571.1,606.4,324.0
833168,1,2,1571.1,607.2,324.0
833170,1,2,1571.5,607.9,323.0
833172,1,2,1571.7,608.5,323.0
833174,1,2,1571.8,609.1,323.0
833176,1,2,1571.5,611.0,324.0
833178,1,2,1571.4,610.8,324.0
833180,1,2,1571.6,611.5,324.0
833182,1,2,1571.1,612.4,324.0
833184,1,2,1571.2,612.0,324.0
833186,1,2,1571.5,613.9,323.0
833188,1,2,1571.6,615.8,323.0
833190,1,2,1571.8,615.6,323.0
833192,1,2,1571.4,615.8,322.0
833194,1,2,1572.2,615.5,323.0
833196,1,2,1572.4,614.9,321.0
833198,1,2,1572.3,616.2,320.0
833200,1,2,1573.1,616.6,320.0
833202,1,2,1572.9,616.9,320.0
833204,1,2,1572.7,616.4,321.0
833206,1,2,1573.0,615.8,321.0
833208,1,2,1573.4,614.4,321.0
833210,1,2,1574.0,614.3,321.0
833212,1,2,1573.9,614.4,321.0
833214,1,2,1573.5,611.7,321.0
833216,1,2,1573.7,612.2,321.0
833218,1,2,1573.1,612.9,322.0
833220,1,2,1572.5,612.5,321.0
833222,1,2,1572.5,612.9,322.0
833224,1,2,1572.5,613.3,322.0
833226,1,2,1571.8,609.3,323.0
833228,1,2,1571.7,608.0,323.0
833230,1,2,1571.7,607.9,323.0
833232,1,2,1571.9,607.9,323.0
833234,1,2,1571.4,604.2,323.0
833236,1,2,1571.4,603.6,323.0
833238,1,2,1571.3,605.2,322.0
833240,1,2,1571.4,606.9,322.0
833242,1,2,1571.6,607.6,323.0
833244,1,2,1572.0,608.5,323.0
833246,1,2,1572.6,608.6,321.0
833248,1,2,1573.2,608.8,320.0
833250,1,2,1573.2,608.2,320.0
833252,1,2,1573.3,607.7,321.0
833254,1,2,1573.4,608.2,320.0
833256,1,2,1573.4,607.2,320.0
833258,1,2,1573.7,607.2,319.0
833260,1,2,1574.1,607.3,319.0
833262,1,2,1573.2,606.7,319.0
833264,1,2,1572.7,607.9,319.0
833266,1,2,1573.4,607.9,319.0
833268,1,2,1573.5,607.9,319.0
833270,1,2,1573.4,610.4,319.0
833272,1,2,1574.0,610.0,318.0
833274,1,2,1574.2,609.8,318.0
833276,1,2,1574.4,610.6,318.0
833278,1,2,1573.5,611.7,317.0
833280,1,2,1572.8,607.8,317.0
833282,1,2,1572.6,609.1,317.0
833284,1,2,1571.6,610.6,317.0
833286,1,2,1570.2,609.6,316.0
833288,1,2,1567.5,610.1,316.0
833290,1,2,1556.1,613.4,318.0
833292,1,2,1535.9,617.0,317.0
833294,1,2,1507.8,623.0,317.0
833296,1,2,1470.1,615.1,317.0
833298,1,2,1426.5,611.5,318.0
833300,1,2,1379.4,611.6,320.0
833302,1,2,1329.3,619.8,325.0
833304,1,2,1281.4,621.6,326.0
833306,1,2,1230.6,624.5,326.0
833308,1,2,1180.6,624.9,326.0
833310,1,2,1128.4,625.4,327.0
833312,1,2,1075.5,617.9,326.0
833314,1,2,1016.6,622.5,326.0
833316,1,2,969.7,624.2,325.0
833318,1,2,922.0,623.5,326.0
833320,1,2,875.7,623.7,327.0
833322,1,2,828.3,622.7,328.0
833324,1,2,778.9,623.7,328.0
833326,1,2,739.6,624.5,328.0
833328,1,2,696.1,621.3,328.0
833330,1,2,654.6,620.5,328.0
833332,1,2,626.3,617.9,328.0
833334,1,2,599.3,618.4,328.0
833336,1,2,569.6,620.2,329.0
833338,1,2,546.7,621.1,328.0
833340,1,2,517.9,622.8,327.0
833342,1,2,495.8,623.8,325.0
833344,1,2,482.5,624.7,325.0
833346,1,2,480.1,623.1,327.0
833348,1,2,478.9,621.4,329.0
833350,1,2,478.4,622.2,329.0
833352,1,2,480.7,622.0,329.0
833354,1,2,482.9,621.9,329.0
833356,1,2,483.3,622.4,329.0
833358,1,2,483.2,623.0,328.0
833360,1,2,483.0,623.8,328.0
833362,1,2,482.5,624.2,328.0
833364,1,2,482.5,625.8,327.0
833366,1,2,482.5,626.2,326.0
833368,1,2,482.9,625.6,326.0
833370,1,2,482.4,625.1,326.0
833372,1,2,483.5,625.0,326.0
833374,1,2,484.6,624.6,326.0
833376,1,2,483.9,623.2,326.0
833378,1,2,484.3,623.7,326.0
833380,1,2,484.0,623.8,326.0
833382,1,2,483.8,623.7,326.0
833384,1,2,483.5,623.5,325.0
833386,1,2,483.6,623.9,324.0
833388,1,2,482.9,623.0,324.0
833390,1,2,482.9,622.5,324.0
833392,1,2,482.4,622.4,324.0
833394,1,2,481.9,622.2,324.0
833396,1,2,481.0,621.9,324.0
833398,1,2,480.8,621.6,324.0
833400,1,2,480.9,622.3,324.0
833402,1,2,480.8,620.7,324.0
833404,1,2,480.3,620.6,324.0
833406,1,2,480.2,620.8,323.0
833408,1,2,480.1,619.6,323.0
833410,1,2,479.9,618.4,322.0
833412,1,2,479.6,617.3,322.0
833414,1,2,477.8,618.1,322.0
833416,1,2,477.5,616.9,323.0
833418,1,2,477.6,615.6,323.0
833420,1,2,477.7,615.5,319.0
833422,1,2,477.5,615.8,319.0
833424,1,2,477.3,616.0,320.0
833426,1,2,477.2,616.6,321.0
833428,1,2,477.0,616.0,321.0
833430,1,2,475.3,616.7,322.0
833432,1,2,474.6,617.0,322.0
833434,1,2,474.3,617.1,322.0
833436,1,2,474.3,616.3,321.0
833438,1,2,474.2,615.5,321.0
833440,1,2,473.9,614.8,321.0
833442,1,2,473.6,614.1,321.0
833444,1,2,473.1,612.8,321.0
833446,1,2,472.2,611.6,321.0
833448,1,2,472.7,611.3,321.0
833450,1,2,471.5,611.6,320.0
833452,1,2,471.5,611.8,319.0
833454,1,2,471.4,612.1,319.0
833456,1,2,470.6,612.2,319.0
833458,1,2,470.2,612.4,319.0
833460,1,2,470.7,611.8,320.0
833462,1,2,471.1,611.4,320.0
833464,1,2,470.7,611.8,320.0
833466,1,2,470.2,612.4,319.0
833468,1,2,470.3,612.3,319.0
833470,1,2,470.3,612.4,319.0
833472,1,2,469.6,613.1,320.0
833474,1,2,468.8,613.1,320.0
833476,1,2,468.4,611.0,319.0
833478,1,2,468.3,610.1,319.0
833480,1,2,468.3,610.0,319.0
833482,1,2,467.9,609.9,320.0
833484,1,2,467.7,609.6,320.0
833486,1,2,467.3,609.8,320.0
833488,1,2,467.3,609.0,320.0
833490,1,2,467.1,608.8,320.0
833492,1,2,467.3,608.7,320.0
833494,1,2,467.3,608.7,320.0
833496,1,2,467.1,608.1,320.0
833498,1,2,466.8,608.1,320.0
833500,1,2,465.6,608.1,321.0
833502,1,2,465.6,608.1,321.0
833504,1,2,465.8,608.1,321.0
833506,1,2,466.0,608.6,321.0
833508,1,2,466.0,610.3,322.0
833510,1,2,465.7,610.3,322.0
833512,1,2,465.1,609.5,322.0
833514,1,2,463.6,608.7,322.0
833516,1,2,464.0,608.5,322.0
833518,1,2,463.8,608.3,322.0
833520,1,2,463.9,608.3,322.0
833522,1,2,463.4,608.3,322.0
833524,1,2,463.3,606.8,322.0
833526,1,2,463.2,607.0,325.0
833528,1,2,463.4,607.2,325.0
833530,1,2,463.1,606.4,324.0
833532,1,2,463.3,607.2,324.0
833534,1,2,462.9,607.3,324.0
833536,1,2,462.8,607.1,324.0
833538,1,2,462.4,607.1,324.0
833540,1,2,462.3,607.2,324.0
833542,1,2,460.7,605.0,323.0
833544,1,2,460.8,604.8,323.0
833546,1,2,461.3,605.1,322.0
833548,1,2,461.8,604.6,322.0
833550,1,2,461.8,604.1,322.0
833552,1,2,461.1,603.4,322.0
833554,1,2,461.4,603.1,322.0
833556,1,2,461.3,603.0,323.0
833558,1,2,461.7,604.0,326.0
833560,1,2,461.8,603.9,326.0
833562,1,2,461.6,604.3,326.0
833564,1,2,461.4,604.8,326.0
833566,1,2,460.5,603.4,326.0
833568,1,2,460.3,603.4,326.0
833570,1,2,460.0,603.5,325.0
833572,1,2,459.7,603.4,325.0
833574,1,2,459.2,603.2,325.0
833576,1,2,458.6,602.9,325.0
833578,1,2,458.4,602.3,325.0
833580,1,2,458.7,602.0,325.0
833582,1,2,458.8,602.4,326.0
833584,1,2,459.4,602.4,326.0
833586,1,2,459.3,602.6,326.0
833588,1,2,459.4,602.2,325.0
833590,1,2,459.9,602.0,325.0
833592,1,2,459.8,602.0,326.0
833594,1,2,459.6,602.1,328.0
833596,1,2,458.8,602.3,328.0
833598,1,2,458.8,602.4,327.0
833600,1,2,459.0,602.7,327.0
833602,1,2,458.9,602.9,327.0
833604,1,2,459.1,603.2,327.0
833606,1,2,458.5,602.9,327.0
833608,1,2,458.9,602.5,327.0
833610,1,2,458.7,602.5,327.0
833612,1,2,458.6,602.8,326.0
833614,1,2,458.3,603.0,327.0
833616,1,2,458.4,603.7,327.0
833618,1,2,458.3,604.1,327.0
833620,1,2,458.8,603.6,328.0
833622,1,2,458.3,603.1,328.0
833624,1,2,458.3,603.2,328.0
833626,1,2,458.3,603.1,328.0
833628,1,2,458.5,601.1,329.0
833630,1,2,458.5,601.1,329.0
833632,1,2,459.6,601.1,329.0
833634,1,2,459.4,601.1,329.0
833636,1,2,460.0,599.8,329.0
833638,1,2,459.1,598.3,329.0
833640,1,2,459.0,598.1,328.0
833642,1,2,458.7,598.2,328.0
833644,1,2,458.1,596.6,327.0
833646,1,2,457.7,594.9,327.0
833648,1,2,457.6,595.4,327.0
833650,1,2,457.5,595.6,327.0
833652,1,2,457.4,594.1,327.0
833654,1,2,457.4,594.8,327.0
833656,1,2,457.6,594.7,326.0
833658,1,2,457.6,594.4,327.0
833660,1,2,457.5,594.6,326.0
833662,1,2,457.1,593.5,327.0
833664,1,2,457.8,592.4,327.0
833666,1,2,458.5,592.2,329.0
833668,1,2,458.2,593.4,329.0
833670,1,2,457.8,593.5,329.0
833672,1,2,458.3,593.7,330.0
833674,1,2,458.3,593.7,330.0
833676,1,2,458.2,593.3,329.0
833678,1,2,458.1,594.3,328.0
833680,1,2,455.5,595.6,327.0
833682,1,2,456.1,594.1,327.0
833684,1,2,456.9,594.0,327.0
833686,1,2,456.4,594.1,327.0
833688,1,2,456.8,594.2,327.0
833690,1,2,457.1,594.4,327.0
833692,1,2,457.2,596.6,327.0
833694,1,2,457.2,595.9,327.0
833696,1,2,456.7,595.1,327.0
833698,1,2,456.1,591.7,328.0
833700,1,2,455.7,589.9,329.0
833702,1,2,449.3,588.1,329.0
833704,1,2,438.8,586.0,330.0
833706,1,2,433.2,575.5,332.0
833708,1,2,432.5,574.1,333.0
833710,1,2,432.7,574.1,333.0
833712,1,2,432.9,573.9,332.0
833714,1,2,433.9,575.6,332.0
833716,1,2,434.2,577.1,332.0
833718,1,2,435.0,574.9,332.0
833720,1,2,434.4,572.6,332.0
833722,1,2,434.3,572.3,333.0
833724,1,2,434.2,572.0,333.0
833726,1,2,433.4,571.6,334.0
833728,1,2,433.2,571.2,334.0
833730,1,2,433.1,570.4,334.0
833732,1,2,433.3,571.7,333.0
833734,1,2,433.5,571.9,334.0
833736,1,2,432.8,571.2,334.0
833738,1,2,432.7,572.3,334.0
833740,1,2,432.5,573.2,334.0
833742,1,2,433.6,571.0,334.0
833744,1,2,434.7,570.1,334.0
833746,1,2,435.8,570.1,333.0
833748,1,2,435.7,570.2,334.0
833750,1,2,435.5,569.0,334.0
833752,1,2,435.4,568.5,336.0
833754,1,2,435.4,568.4,336.0
833756,1,2,435.6,568.7,335.0
833758,1,2,435.6,568.1,335.0
833760,1,2,435.6,568.3,334.0
833762,1,2,435.3,567.8,334.0
833764,1,2,435.1,567.9,335.0
833766,1,2,434.5,568.0,335.0
833768,1,2,434.1,568.0,335.0
833770,1,2,433.6,568.0,335.0
833772,1,2,433.7,567.9,336.0
833774,1,2,432.8,568.0,336.0
833776,1,2,432.8,567.4,334.0
833778,1,2,432.7,566.9,334.0
833780,1,2,432.6,566.4,334.0
833782,1,2,432.2,566.4,335.0
833784,1,2,432.1,566.3,335.0
833786,1,2,431.9,566.0,335.0
833788,1,2,431.6,565.6,335.0
833790,1,2,431.8,564.2,337.0
833792,1,2,431.3,562.7,337.0
833794,1,2,430.7,562.8,337.0
833796,1,2,430.9,562.9,337.0
833798,1,2,430.9,563.2,337.0
833800,1,2,431.0,562.9,336.0
833802,1,2,430.9,562.8,336.0
833804,1,2,431.1,562.8,336.0
833806,1,2,431.1,562.9,336.0
833808,1,2,430.5,563.0,336.0
833810,1,2,430.1,563.2,335.0
833812,1,2,429.9,563.2,335.0
833814,1,2,429.8,563.0,336.0
833816,1,2,430.0,563.7,337.0
833818,1,2,430.0,564.6,337.0
833820,1,2,430.5,566.5,338.0
833822,1,2,430.7,565.9,339.0
833824,1,2,430.2,565.3,339.0
833826,1,2,429.6,565.2,338.0
833828,1,2,430.0,564.9,338.0
833830,1,2,430.0,564.8,337.0
833832,1,2,430.5,564.7,337.0
833834,1,2,429.9,564.9,338.0
833836,1,2,429.8,565.0,338.0
833838,1,2,429.7,565.1,338.0
833840,1,2,429.9,565.4,338.0
833842,1,2,429.7,565.5,338.0
833844,1,2,429.7,564.9,338.0
833846,1,2,429.3,564.8,338.0
833848,1,2,428.4,564.7,338.0
833850,1,2,428.4,564.8,338.0
833852,1,2,428.6,565.8,337.0
833854,1,2,427.9,565.7,338.0
833856,1,2,427.3,565.4,338.0
833858,1,2,427.2,564.7,338.0
833860,1,2,427.3,563.5,338.0
833862,1,2,427.4,562.7,338.0
833864,1,2,427.5,562.4,337.0
833866,1,2,427.6,562.1,337.0
833868,1,2,428.2,560.9,336.0
833870,1,2,428.7,559.7,336.0
